ValueDate,TheValue
03-01-2000,10.71
04-01-2000,10.71
05-01-2000,10.71
06-01-2000,10.71
07-01-2000,10.57
08-01-2000,10.57
10-01-2000,10.57
11-01-2000,10.57
12-01-2000,10.57
13-01-2000,10.57
14-01-2000,9.96
15-01-2000,9.96
17-01-2000,9.96
18-01-2000,9.96
19-01-2000,9.96
20-01-2000,9.96
21-01-2000,9.76
22-01-2000,9.76
24-01-2000,9.76
25-01-2000,9.76
26-01-2000,9.76
27-01-2000,9.76
28-01-2000,9.78
29-01-2000,9.78
31-01-2000,9.78
01-02-2000,9.78
02-02-2000,9.78
03-02-2000,9.78
04-02-2000,9.8
05-02-2000,9.8
07-02-2000,9.8
08-02-2000,9.8
09-02-2000,9.8
10-02-2000,9.8
11-02-2000,9.78
12-02-2000,9.78
14-02-2000,9.78
15-02-2000,9.78
16-02-2000,9.78
17-02-2000,9.78
18-02-2000,9.78
19-02-2000,9.78
21-02-2000,9.78
22-02-2000,9.78
23-02-2000,9.78
24-02-2000,9.78
25-02-2000,9.77
26-02-2000,9.77
28-02-2000,9.77
29-02-2000,9.77
01-03-2000,9.77
02-03-2000,9.77
03-03-2000,9.83
04-03-2000,9.83
06-03-2000,9.83
07-03-2000,9.83
08-03-2000,9.83
09-03-2000,9.83
10-03-2000,9.88
11-03-2000,9.88
13-03-2000,9.88
14-03-2000,9.88
15-03-2000,9.88
16-03-2000,9.88
17-03-2000,9.87
18-03-2000,9.87
20-03-2000,9.87
22-03-2000,9.87
23-03-2000,9.87
24-03-2000,9.83
25-03-2000,9.83
27-03-2000,9.83
28-03-2000,9.83
29-03-2000,9.83
30-03-2000,9.83
31-03-2000,9.83
01-04-2000,9.83
03-04-2000,9.83
04-04-2000,9.83
05-04-2000,9.83
06-04-2000,9.83
07-04-2000,9.84
08-04-2000,9.84
10-04-2000,9.84
11-04-2000,9.84
12-04-2000,9.84
13-04-2000,9.84
14-04-2000,9.84
15-04-2000,9.84
17-04-2000,9.84
18-04-2000,9.84
19-04-2000,9.84
20-04-2000,9.95
22-04-2000,9.95
25-04-2000,9.95
26-04-2000,9.95
28-04-2000,10.11
29-04-2000,10.11
02-05-2000,10.11
03-05-2000,10.11
04-05-2000,10.11
05-05-2000,10.1
06-05-2000,10.1
08-05-2000,10.1
09-05-2000,10.1
10-05-2000,10.1
11-05-2000,10.1
12-05-2000,10.12
13-05-2000,10.12
15-05-2000,10.12
16-05-2000,10.12
17-05-2000,10.12
18-05-2000,10.12
19-05-2000,10.3
20-05-2000,10.3
22-05-2000,10.3
23-05-2000,10.3
24-05-2000,10.3
25-05-2000,10.3
26-05-2000,10.47
27-05-2000,10.47
29-05-2000,10.47
30-05-2000,10.47
31-05-2000,10.47
01-06-2000,10.47
02-06-2000,10.28
03-06-2000,10.28
05-06-2000,10.28
06-06-2000,10.28
07-06-2000,10.28
08-06-2000,10.28
09-06-2000,10.24
10-06-2000,10.24
12-06-2000,10.24
13-06-2000,10.24
14-06-2000,10.24
15-06-2000,10.29
17-06-2000,10.29
19-06-2000,10.29
20-06-2000,10.29
21-06-2000,10.29
22-06-2000,10.29
23-06-2000,10.29
24-06-2000,10.29
26-06-2000,10.29
27-06-2000,10.29
28-06-2000,10.29
29-06-2000,10.29
30-06-2000,10.25
01-07-2000,10.25
03-07-2000,10.25
04-07-2000,10.25
05-07-2000,10.25
06-07-2000,10.25
07-07-2000,10.23
08-07-2000,10.23
10-07-2000,10.23
11-07-2000,10.23
12-07-2000,10.23
13-07-2000,10.23
14-07-2000,10.24
15-07-2000,10.24
17-07-2000,10.24
18-07-2000,10.24
19-07-2000,10.24
20-07-2000,10.24
21-07-2000,10.23
22-07-2000,10.23
24-07-2000,10.23
25-07-2000,10.23
26-07-2000,10.23
27-07-2000,10.23
28-07-2000,10.21
29-07-2000,10.21
31-07-2000,10.21
01-08-2000,10.21
02-08-2000,10.21
03-08-2000,10.21
04-08-2000,10.17
05-08-2000,10.17
07-08-2000,10.17
08-08-2000,10.17
10-08-2000,10.17
11-08-2000,10.14
12-08-2000,10.14
14-08-2000,10.14
15-08-2000,10.14
16-08-2000,10.14
17-08-2000,10.14
18-08-2000,10.13
19-08-2000,10.13
21-08-2000,10.13
22-08-2000,10.13
23-08-2000,10.13
24-08-2000,10.13
25-08-2000,10.13
26-08-2000,10.13
28-08-2000,10.13
29-08-2000,10.13
30-08-2000,10.13
31-08-2000,10.13
01-09-2000,10.13
02-09-2000,10.13
04-09-2000,10.13
05-09-2000,10.13
06-09-2000,10.13
07-09-2000,10.13
08-09-2000,10.16
09-09-2000,10.16
11-09-2000,10.16
12-09-2000,10.16
13-09-2000,10.16
14-09-2000,10.16
15-09-2000,10.17
16-09-2000,10.17
18-09-2000,10.17
19-09-2000,10.17
20-09-2000,10.17
21-09-2000,10.17
22-09-2000,10.18
23-09-2000,10.18
26-09-2000,10.18
27-09-2000,10.18
28-09-2000,10.18
29-09-2000,10.18
30-09-2000,10.18
02-10-2000,10.18
03-10-2000,10.18
04-10-2000,10.18
05-10-2000,10.18
06-10-2000,10.13
07-10-2000,10.13
09-10-2000,10.13
10-10-2000,10.13
11-10-2000,10.13
12-10-2000,10.13
13-10-2000,10.15
14-10-2000,10.15
16-10-2000,10.15
17-10-2000,10.15
18-10-2000,10.15
19-10-2000,10.15
20-10-2000,10.25
21-10-2000,10.25
23-10-2000,10.25
24-10-2000,10.25
25-10-2000,10.25
26-10-2000,10.25
27-10-2000,10.25
28-10-2000,10.25
30-10-2000,10.25
31-10-2000,10.25
01-11-2000,10.25
02-11-2000,10.25
03-11-2000,10.23
04-11-2000,10.23
06-11-2000,10.23
07-11-2000,10.23
08-11-2000,10.23
09-11-2000,10.23
10-11-2000,10.21
11-11-2000,10.21
13-11-2000,10.21
14-11-2000,10.21
15-11-2000,10.21
16-11-2000,10.21
17-11-2000,10.21
18-11-2000,10.21
20-11-2000,10.21
21-11-2000,10.21
22-11-2000,10.21
23-11-2000,10.21
24-11-2000,10.21
25-11-2000,10.21
27-11-2000,10.21
28-11-2000,10.21
29-11-2000,10.21
30-11-2000,10.21
01-12-2000,10.21
02-12-2000,10.21
04-12-2000,10.21
06-12-2000,10.21
07-12-2000,10.21
08-12-2000,10.19
09-12-2000,10.19
11-12-2000,10.19
12-12-2000,10.19
13-12-2000,10.19
14-12-2000,10.19
15-12-2000,10.16
18-12-2000,10.16
19-12-2000,10.16
20-12-2000,10.16
21-12-2000,10.16
22-12-2000,10.24
23-12-2000,10.24
27-12-2000,10.24
28-12-2000,10.24
29-12-2000,10.25
30-12-2000,10.25
02-01-2001,10.25
03-01-2001,10.25
04-01-2001,10.25
05-01-2001,10.16
06-01-2001,10.16
08-01-2001,10.16
09-01-2001,10.16
10-01-2001,10.16
11-01-2001,10.16
12-01-2001,10.15
13-01-2001,10.15
15-01-2001,10.15
16-01-2001,10.15
17-01-2001,10.15
18-01-2001,10.15
19-01-2001,10.11
20-01-2001,10.11
22-01-2001,10.11
23-01-2001,10.11
24-01-2001,10.11
25-01-2001,10.11
26-01-2001,10.12
27-01-2001,10.12
29-01-2001,10.12
30-01-2001,10.12
31-01-2001,10.12
01-02-2001,10.12
02-02-2001,10.11
03-02-2001,10.11
05-02-2001,10.11
06-02-2001,10.11
07-02-2001,10.11
08-02-2001,10.11
09-02-2001,10.11
10-02-2001,10.11
12-02-2001,10.11
13-02-2001,10.11
14-02-2001,10.11
15-02-2001,10.11
16-02-2001,10.13
17-02-2001,10.13
19-02-2001,10.13
20-02-2001,10.13
21-02-2001,10.13
22-02-2001,10.13
23-02-2001,10.13
24-02-2001,10.13
26-02-2001,10.13
27-02-2001,10.13
28-02-2001,10.13
01-03-2001,10.13
02-03-2001,10.13
03-03-2001,10.13
05-03-2001,10.13
06-03-2001,10.13
07-03-2001,10.13
08-03-2001,10.13
09-03-2001,10.14
10-03-2001,10.14
12-03-2001,10.14
13-03-2001,10.14
14-03-2001,10.14
15-03-2001,10.14
16-03-2001,10.16
17-03-2001,10.16
19-03-2001,10.16
20-03-2001,10.16
22-03-2001,10.16
23-03-2001,10.19
24-03-2001,10.19
26-03-2001,10.19
27-03-2001,10.19
28-03-2001,10.19
29-03-2001,10.19
30-03-2001,10.32
31-03-2001,10.32
02-04-2001,10.32
03-04-2001,10.32
04-04-2001,10.32
05-04-2001,10.33
06-04-2001,10.33
07-04-2001,10.33
09-04-2001,10.33
10-04-2001,10.33
11-04-2001,10.33
12-04-2001,10.32
14-04-2001,10.32
17-04-2001,10.32
18-04-2001,10.32
19-04-2001,10.32
20-04-2001,10.35
21-04-2001,10.35
23-04-2001,10.35
24-04-2001,10.35
25-04-2001,10.35
26-04-2001,10.4
28-04-2001,10.4
30-04-2001,10.4
02-05-2001,10.4
03-05-2001,10.4
04-05-2001,10.4
05-05-2001,10.4
07-05-2001,10.4
08-05-2001,10.4
09-05-2001,10.4
10-05-2001,10.4
11-05-2001,10.4
12-05-2001,10.4
14-05-2001,10.4
15-05-2001,10.4
16-05-2001,10.4
17-05-2001,10.4
18-05-2001,10.36
19-05-2001,10.36
21-05-2001,10.36
22-05-2001,10.36
23-05-2001,10.36
24-05-2001,10.36
25-05-2001,10.36
26-05-2001,10.36
28-05-2001,10.36
29-05-2001,10.36
30-05-2001,10.36
31-05-2001,10.36
01-06-2001,10.38
02-06-2001,10.38
04-06-2001,10.38
05-06-2001,10.38
06-06-2001,10.38
07-06-2001,10.38
08-06-2001,10.37
09-06-2001,10.37
11-06-2001,10.37
12-06-2001,10.37
13-06-2001,10.37
14-06-2001,10.37
15-06-2001,9.6
18-06-2001,9.6
19-06-2001,9.6
20-06-2001,9.6
21-06-2001,9.6
22-06-2001,9.64
23-06-2001,9.64
25-06-2001,9.64
26-06-2001,9.64
27-06-2001,9.64
28-06-2001,9.64
29-06-2001,9.65
30-06-2001,9.65
02-07-2001,9.65
03-07-2001,9.65
04-07-2001,9.65
05-07-2001,9.65
06-07-2001,9.65
07-07-2001,9.65
09-07-2001,9.65
10-07-2001,9.65
11-07-2001,9.65
12-07-2001,9.65
13-07-2001,9.55
14-07-2001,9.55
16-07-2001,9.55
17-07-2001,9.55
18-07-2001,9.55
19-07-2001,9.55
20-07-2001,9.42
21-07-2001,9.42
23-07-2001,9.42
24-07-2001,9.42
25-07-2001,9.42
26-07-2001,9.42
27-07-2001,9.38
28-07-2001,9.38
30-07-2001,9.38
31-07-2001,9.38
01-08-2001,9.38
02-08-2001,9.38
03-08-2001,9.38
04-08-2001,9.38
06-08-2001,9.38
07-08-2001,9.38
08-08-2001,9.38
10-08-2001,9.36
11-08-2001,9.36
13-08-2001,9.36
14-08-2001,9.36
15-08-2001,9.36
16-08-2001,9.36
17-08-2001,9.35
18-08-2001,9.35
20-08-2001,9.35
21-08-2001,9.35
22-08-2001,9.35
23-08-2001,9.35
24-08-2001,9.38
25-08-2001,9.38
27-08-2001,9.38
28-08-2001,9.38
29-08-2001,9.38
30-08-2001,9.38
31-08-2001,9.37
01-09-2001,9.37
03-09-2001,9.37
04-09-2001,9.37
05-09-2001,9.37
06-09-2001,9.37
07-09-2001,9.35
08-09-2001,9.35
10-09-2001,9.35
11-09-2001,9.35
12-09-2001,9.35
13-09-2001,9.35
14-09-2001,9.37
15-09-2001,9.37
17-09-2001,9.37
18-09-2001,9.37
19-09-2001,9.37
20-09-2001,9.37
21-09-2001,8.97
22-09-2001,8.97
25-09-2001,8.97
26-09-2001,8.97
27-09-2001,8.97
28-09-2001,8.89
29-09-2001,8.89
01-10-2001,8.89
02-10-2001,8.89
03-10-2001,8.89
04-10-2001,8.89
05-10-2001,8.88
06-10-2001,8.88
08-10-2001,8.88
09-10-2001,8.88
10-10-2001,8.88
11-10-2001,8.88
12-10-2001,8.87
13-10-2001,8.87
15-10-2001,8.87
16-10-2001,8.87
17-10-2001,8.87
18-10-2001,8.87
19-10-2001,8.85
20-10-2001,8.85
22-10-2001,8.85
23-10-2001,8.85
24-10-2001,8.85
25-10-2001,8.85
26-10-2001,8.85
27-10-2001,8.85
29-10-2001,8.85
30-10-2001,8.85
31-10-2001,8.85
01-11-2001,8.85
02-11-2001,8.83
03-11-2001,8.83
05-11-2001,8.83
06-11-2001,8.83
07-11-2001,8.83
08-11-2001,8.83
09-11-2001,8.66
10-11-2001,8.66
12-11-2001,8.66
13-11-2001,8.66
14-11-2001,8.66
15-11-2001,8.66
16-11-2001,8.73
17-11-2001,8.73
19-11-2001,8.73
20-11-2001,8.73
21-11-2001,8.73
22-11-2001,8.73
23-11-2001,8.77
24-11-2001,8.77
26-11-2001,8.77
27-11-2001,8.77
28-11-2001,8.77
29-11-2001,8.77
30-11-2001,8.94
01-12-2001,8.94
03-12-2001,8.94
04-12-2001,8.94
05-12-2001,8.94
06-12-2001,8.94
07-12-2001,9.1
08-12-2001,9.1
10-12-2001,9.1
11-12-2001,9.1
12-12-2001,9.1
13-12-2001,9.1
14-12-2001,9.28
15-12-2001,9.28
18-12-2001,9.28
19-12-2001,9.28
20-12-2001,9.28
21-12-2001,9.4
22-12-2001,9.4
24-12-2001,9.4
27-12-2001,9.4
28-12-2001,9.47
29-12-2001,9.47
31-12-2001,9.47
02-01-2002,9.47
03-01-2002,9.47
04-01-2002,9.44
05-01-2002,9.44
07-01-2002,9.44
08-01-2002,9.44
09-01-2002,9.44
10-01-2002,9.44
11-01-2002,9.27
12-01-2002,9.27
14-01-2002,9.27
15-01-2002,9.27
16-01-2002,9.27
17-01-2002,9.27
18-01-2002,9.52
19-01-2002,9.52
21-01-2002,9.52
22-01-2002,9.52
23-01-2002,9.52
24-01-2002,9.52
25-01-2002,9.51
26-01-2002,9.51
28-01-2002,9.51
29-01-2002,9.51
30-01-2002,9.51
31-01-2002,9.51
01-02-2002,9.45
02-02-2002,9.45
04-02-2002,9.45
05-02-2002,9.45
06-02-2002,9.45
07-02-2002,9.45
08-02-2002,9.3
09-02-2002,9.3
11-02-2002,9.3
12-02-2002,9.3
13-02-2002,9.3
14-02-2002,9.3
15-02-2002,9.45
16-02-2002,9.45
18-02-2002,9.45
19-02-2002,9.45
20-02-2002,9.45
21-02-2002,9.45
22-02-2002,9.51
23-02-2002,9.51
25-02-2002,9.51
26-02-2002,9.51
27-02-2002,9.51
28-02-2002,9.51
01-03-2002,9.56
02-03-2002,9.56
04-03-2002,9.56
05-03-2002,9.56
06-03-2002,9.56
07-03-2002,9.56
08-03-2002,9.68
09-03-2002,9.68
11-03-2002,9.68
12-03-2002,9.68
13-03-2002,9.68
14-03-2002,9.68
15-03-2002,10.1
16-03-2002,10.1
18-03-2002,10.1
19-03-2002,10.1
20-03-2002,10.1
22-03-2002,10.24
23-03-2002,10.24
25-03-2002,10.24
26-03-2002,10.24
27-03-2002,10.24
28-03-2002,10.44
30-03-2002,10.44
02-04-2002,10.44
03-04-2002,10.44
04-04-2002,10.44
05-04-2002,10.48
06-04-2002,10.48
08-04-2002,10.48
09-04-2002,10.48
10-04-2002,10.48
11-04-2002,10.48
12-04-2002,10.53
13-04-2002,10.53
15-04-2002,10.53
16-04-2002,10.53
17-04-2002,10.53
18-04-2002,10.53
19-04-2002,10.63
20-04-2002,10.63
22-04-2002,10.63
23-04-2002,10.63
24-04-2002,10.63
25-04-2002,10.63
26-04-2002,10.96
27-04-2002,10.96
29-04-2002,10.96
30-04-2002,10.96
02-05-2002,10.96
03-05-2002,10.99
04-05-2002,10.99
06-05-2002,10.99
07-05-2002,10.99
08-05-2002,10.99
09-05-2002,10.99
10-05-2002,11.01
11-05-2002,11.01
13-05-2002,11.01
14-05-2002,11.01
15-05-2002,11.01
16-05-2002,11.01
17-05-2002,11.24
18-05-2002,11.24
20-05-2002,11.24
21-05-2002,11.24
22-05-2002,11.24
23-05-2002,11.24
24-05-2002,11.38
25-05-2002,11.38
27-05-2002,11.38
28-05-2002,11.38
29-05-2002,11.38
30-05-2002,11.38
31-05-2002,11.39
01-06-2002,11.39
03-06-2002,11.39
04-06-2002,11.39
05-06-2002,11.39
06-06-2002,11.39
07-06-2002,11.39
08-06-2002,11.39
10-06-2002,11.39
11-06-2002,11.39
12-06-2002,11.39
13-06-2002,11.39
14-06-2002,11.5
15-06-2002,11.5
18-06-2002,11.5
19-06-2002,11.5
20-06-2002,11.5
21-06-2002,11.48
22-06-2002,11.48
24-06-2002,11.48
25-06-2002,11.48
26-06-2002,11.48
27-06-2002,11.48
28-06-2002,11.42
29-06-2002,11.42
01-07-2002,11.42
02-07-2002,11.42
03-07-2002,11.42
04-07-2002,11.42
05-07-2002,11.39
06-07-2002,11.39
08-07-2002,11.39
09-07-2002,11.39
10-07-2002,11.39
11-07-2002,11.39
12-07-2002,11.35
13-07-2002,11.35
15-07-2002,11.35
16-07-2002,11.35
17-07-2002,11.35
18-07-2002,11.35
19-07-2002,11.35
20-07-2002,11.35
22-07-2002,11.35
23-07-2002,11.35
24-07-2002,11.35
25-07-2002,11.35
26-07-2002,11.35
27-07-2002,11.35
29-07-2002,11.35
30-07-2002,11.35
31-07-2002,11.35
01-08-2002,11.35
02-08-2002,11.35
03-08-2002,11.35
05-08-2002,11.35
06-08-2002,11.35
07-08-2002,11.35
08-08-2002,11.35
10-08-2002,11.35
12-08-2002,11.35
13-08-2002,11.35
14-08-2002,11.35
15-08-2002,11.35
16-08-2002,11.37
17-08-2002,11.37
19-08-2002,11.37
20-08-2002,11.37
21-08-2002,11.37
22-08-2002,11.37
23-08-2002,11.55
24-08-2002,11.55
26-08-2002,11.55
27-08-2002,11.55
28-08-2002,11.55
29-08-2002,11.55
30-08-2002,11.73
31-08-2002,11.73
02-09-2002,11.73
03-09-2002,11.73
04-09-2002,11.73
05-09-2002,11.73
06-09-2002,11.9
07-09-2002,11.9
09-09-2002,11.9
10-09-2002,11.9
11-09-2002,11.9
12-09-2002,11.9
13-09-2002,12.21
14-09-2002,12.21
16-09-2002,12.21
17-09-2002,12.21
18-09-2002,12.21
19-09-2002,12.21
20-09-2002,12.37
21-09-2002,12.37
23-09-2002,12.37
25-09-2002,12.37
26-09-2002,12.37
27-09-2002,12.41
28-09-2002,12.41
30-09-2002,12.41
01-10-2002,12.41
02-10-2002,12.41
03-10-2002,12.41
04-10-2002,12.78
05-10-2002,12.78
07-10-2002,12.78
08-10-2002,12.78
09-10-2002,12.78
10-10-2002,12.78
11-10-2002,12.67
12-10-2002,12.67
14-10-2002,12.67
15-10-2002,12.67
16-10-2002,12.67
17-10-2002,12.67
18-10-2002,12.61
19-10-2002,12.61
21-10-2002,12.61
22-10-2002,12.61
23-10-2002,12.61
24-10-2002,12.61
25-10-2002,12.49
26-10-2002,12.49
28-10-2002,12.49
29-10-2002,12.49
30-10-2002,12.49
31-10-2002,12.49
01-11-2002,12.32
02-11-2002,12.32
04-11-2002,12.32
05-11-2002,12.32
06-11-2002,12.32
07-11-2002,12.32
08-11-2002,12.08
09-11-2002,12.08
11-11-2002,12.08
12-11-2002,12.08
13-11-2002,12.08
14-11-2002,12.08
15-11-2002,11.98
16-11-2002,11.98
18-11-2002,11.98
19-11-2002,11.98
20-11-2002,11.98
21-11-2002,11.98
22-11-2002,12.26
23-11-2002,12.26
25-11-2002,12.26
26-11-2002,12.26
27-11-2002,12.26
28-11-2002,12.26
29-11-2002,12.28
30-11-2002,12.28
02-12-2002,12.28
03-12-2002,12.28
04-12-2002,12.28
05-12-2002,12.28
06-12-2002,12.17
07-12-2002,12.17
09-12-2002,12.17
10-12-2002,12.17
11-12-2002,12.17
12-12-2002,12.17
13-12-2002,12.23
14-12-2002,12.23
17-12-2002,12.23
18-12-2002,12.23
19-12-2002,12.23
20-12-2002,12.29
21-12-2002,12.29
23-12-2002,12.29
24-12-2002,12.29
27-12-2002,12.42
28-12-2002,12.42
30-12-2002,12.42
31-12-2002,12.42
02-01-2003,12.42
03-01-2003,12.41
04-01-2003,12.41
06-01-2003,12.41
07-01-2003,12.41
08-01-2003,12.41
09-01-2003,12.41
10-01-2003,12.37
11-01-2003,12.37
13-01-2003,12.37
14-01-2003,12.37
15-01-2003,12.37
16-01-2003,12.37
17-01-2003,12.35
18-01-2003,12.35
20-01-2003,12.35
21-01-2003,12.35
22-01-2003,12.35
23-01-2003,12.35
24-01-2003,12.23
25-01-2003,12.23
27-01-2003,12.23
28-01-2003,12.23
29-01-2003,12.23
30-01-2003,12.23
31-01-2003,12.38
01-02-2003,12.38
03-02-2003,12.38
04-02-2003,12.38
05-02-2003,12.38
06-02-2003,12.38
07-02-2003,12.6
08-02-2003,12.6
10-02-2003,12.6
11-02-2003,12.6
12-02-2003,12.6
13-02-2003,12.6
14-02-2003,12.74
15-02-2003,12.74
17-02-2003,12.74
18-02-2003,12.74
19-02-2003,12.74
20-02-2003,12.74
21-02-2003,12.73
22-02-2003,12.73
24-02-2003,12.73
25-02-2003,12.73
26-02-2003,12.73
27-02-2003,12.73
28-02-2003,12.73
01-03-2003,12.73
03-03-2003,12.73
04-03-2003,12.73
05-03-2003,12.73
06-03-2003,12.73
07-03-2003,12.74
08-03-2003,12.74
10-03-2003,12.74
11-03-2003,12.74
12-03-2003,12.74
13-03-2003,12.74
14-03-2003,12.71
15-03-2003,12.71
17-03-2003,12.71
18-03-2003,12.71
19-03-2003,12.71
20-03-2003,12.74
22-03-2003,12.74
24-03-2003,12.74
25-03-2003,12.74
26-03-2003,12.74
27-03-2003,12.74
28-03-2003,12.75
29-03-2003,12.75
31-03-2003,12.75
01-04-2003,12.75
02-04-2003,12.75
03-04-2003,12.75
04-04-2003,12.72
05-04-2003,12.72
07-04-2003,12.72
08-04-2003,12.72
09-04-2003,12.72
10-04-2003,12.72
11-04-2003,12.74
12-04-2003,12.74
14-04-2003,12.74
15-04-2003,12.74
16-04-2003,12.74
17-04-2003,12.76
19-04-2003,12.76
22-04-2003,12.76
23-04-2003,12.76
24-04-2003,12.76
25-04-2003,12.75
26-04-2003,12.75
29-04-2003,12.75
30-04-2003,12.75
02-05-2003,12.73
03-05-2003,12.73
05-05-2003,12.73
06-05-2003,12.73
07-05-2003,12.73
08-05-2003,12.73
09-05-2003,12.67
10-05-2003,12.67
12-05-2003,12.67
13-05-2003,12.67
14-05-2003,12.67
15-05-2003,12.67
16-05-2003,12.6
17-05-2003,12.6
19-05-2003,12.6
20-05-2003,12.6
21-05-2003,12.6
22-05-2003,12.6
23-05-2003,12.39
24-05-2003,12.39
26-05-2003,12.39
27-05-2003,12.39
28-05-2003,12.39
29-05-2003,12.39
30-05-2003,12.03
31-05-2003,12.03
02-06-2003,12.03
03-06-2003,12.03
04-06-2003,12.03
05-06-2003,12.03
06-06-2003,11.57
07-06-2003,11.57
09-06-2003,11.57
10-06-2003,11.57
11-06-2003,11.57
12-06-2003,11.57
13-06-2003,10.94
14-06-2003,10.94
17-06-2003,10.94
18-06-2003,10.94
19-06-2003,10.94
20-06-2003,10.78
21-06-2003,10.78
23-06-2003,10.78
24-06-2003,10.78
25-06-2003,10.78
26-06-2003,10.78
27-06-2003,10.68
28-06-2003,10.68
30-06-2003,10.68
01-07-2003,10.68
02-07-2003,10.68
03-07-2003,10.68
04-07-2003,10.8
05-07-2003,10.8
07-07-2003,10.8
08-07-2003,10.8
09-07-2003,10.8
10-07-2003,10.8
11-07-2003,11.03
12-07-2003,11.03
14-07-2003,11.03
15-07-2003,11.03
16-07-2003,11.03
17-07-2003,11.03
18-07-2003,11.11
19-07-2003,11.11
21-07-2003,11.11
22-07-2003,11.11
23-07-2003,11.11
24-07-2003,11.11
25-07-2003,10.74
26-07-2003,10.74
28-07-2003,10.74
29-07-2003,10.74
30-07-2003,10.74
31-07-2003,10.74
01-08-2003,10.63
02-08-2003,10.63
04-08-2003,10.63
05-08-2003,10.63
06-08-2003,10.63
07-08-2003,10.63
08-08-2003,10.28
09-08-2003,10.28
11-08-2003,10.28
12-08-2003,10.28
13-08-2003,10.28
14-08-2003,10.28
15-08-2003,10.18
16-08-2003,10.18
18-08-2003,10.18
19-08-2003,10.18
20-08-2003,10.18
21-08-2003,10.18
22-08-2003,10
23-08-2003,10
25-08-2003,10
26-08-2003,10
27-08-2003,10
28-08-2003,10
29-08-2003,9.96
30-08-2003,9.96
01-09-2003,9.96
02-09-2003,9.96
03-09-2003,9.96
04-09-2003,9.96
05-09-2003,10.04
06-09-2003,10.04
08-09-2003,10.04
09-09-2003,10.04
10-09-2003,10.04
11-09-2003,10.04
12-09-2003,9.21
13-09-2003,9.21
15-09-2003,9.21
16-09-2003,9.21
17-09-2003,9.21
18-09-2003,9.21
19-09-2003,8.97
20-09-2003,8.97
22-09-2003,8.97
23-09-2003,8.97
25-09-2003,8.97
26-09-2003,8.81
27-09-2003,8.81
29-09-2003,8.81
30-09-2003,8.81
01-10-2003,8.81
02-10-2003,8.81
03-10-2003,8.68
04-10-2003,8.68
06-10-2003,8.68
07-10-2003,8.68
08-10-2003,8.68
09-10-2003,8.68
10-10-2003,8.41
11-10-2003,8.41
13-10-2003,8.41
14-10-2003,8.41
15-10-2003,8.41
16-10-2003,8.41
17-10-2003,7.88
18-10-2003,7.88
20-10-2003,7.88
21-10-2003,7.88
22-10-2003,7.88
23-10-2003,7.88
24-10-2003,7.8
25-10-2003,7.8
27-10-2003,7.8
28-10-2003,7.8
29-10-2003,7.8
30-10-2003,7.8
31-10-2003,7.81
01-11-2003,7.81
03-11-2003,7.81
04-11-2003,7.81
05-11-2003,7.81
06-11-2003,7.81
07-11-2003,7.86
08-11-2003,7.86
10-11-2003,7.86
11-11-2003,7.86
12-11-2003,7.86
13-11-2003,7.86
14-11-2003,7.86
15-11-2003,7.86
17-11-2003,7.86
18-11-2003,7.86
19-11-2003,7.86
20-11-2003,7.86
21-11-2003,7.45
22-11-2003,7.45
24-11-2003,7.45
25-11-2003,7.45
26-11-2003,7.45
27-11-2003,7.45
28-11-2003,7.14
29-11-2003,7.14
01-12-2003,7.14
02-12-2003,7.14
03-12-2003,7.14
04-12-2003,7.14
05-12-2003,7.02
06-12-2003,7.02
08-12-2003,7.02
09-12-2003,7.02
10-12-2003,7.02
11-12-2003,7.02
12-12-2003,7.4
13-12-2003,7.4
15-12-2003,7.4
17-12-2003,7.4
18-12-2003,7.4
19-12-2003,7.49
20-12-2003,7.49
22-12-2003,7.49
23-12-2003,7.49
24-12-2003,7.54
27-12-2003,7.54
29-12-2003,7.54
30-12-2003,7.54
31-12-2003,7.54
02-01-2004,7.56
03-01-2004,7.56
05-01-2004,7.56
06-01-2004,7.56
07-01-2004,7.56
08-01-2004,7.56
09-01-2004,7.62
10-01-2004,7.62
12-01-2004,7.62
13-01-2004,7.62
14-01-2004,7.62
15-01-2004,7.62
16-01-2004,7.64
17-01-2004,7.64
19-01-2004,7.64
20-01-2004,7.64
21-01-2004,7.64
22-01-2004,7.64
23-01-2004,7.6
24-01-2004,7.6
26-01-2004,7.6
27-01-2004,7.6
28-01-2004,7.6
29-01-2004,7.6
30-01-2004,7.56
31-01-2004,7.56
02-02-2004,7.56
03-02-2004,7.56
04-02-2004,7.56
05-02-2004,7.56
06-02-2004,7.52
07-02-2004,7.52
09-02-2004,7.52
10-02-2004,7.52
11-02-2004,7.52
12-02-2004,7.52
13-02-2004,7.48
14-02-2004,7.48
16-02-2004,7.48
17-02-2004,7.48
18-02-2004,7.48
19-02-2004,7.48
20-02-2004,7.46
21-02-2004,7.46
23-02-2004,7.46
24-02-2004,7.46
25-02-2004,7.46
26-02-2004,7.46
27-02-2004,7.58
28-02-2004,7.58
01-03-2004,7.58
02-03-2004,7.58
03-03-2004,7.58
04-03-2004,7.58
05-03-2004,7.7
06-03-2004,7.7
08-03-2004,7.7
09-03-2004,7.7
10-03-2004,7.7
11-03-2004,7.7
12-03-2004,7.71
13-03-2004,7.71
15-03-2004,7.71
16-03-2004,7.71
17-03-2004,7.71
18-03-2004,7.71
19-03-2004,7.78
20-03-2004,7.78
23-03-2004,7.78
24-03-2004,7.78
25-03-2004,7.78
26-03-2004,7.8
27-03-2004,7.8
29-03-2004,7.8
30-03-2004,7.8
31-03-2004,7.8
01-04-2004,7.8
02-04-2004,7.83
03-04-2004,7.83
05-04-2004,7.83
06-04-2004,7.83
07-04-2004,7.83
08-04-2004,7.78
10-04-2004,7.78
13-04-2004,7.78
15-04-2004,7.78
16-04-2004,7.77
17-04-2004,7.77
19-04-2004,7.77
20-04-2004,7.77
21-04-2004,7.77
22-04-2004,7.77
23-04-2004,7.71
24-04-2004,7.71
26-04-2004,7.71
28-04-2004,7.71
29-04-2004,7.71
30-04-2004,7.69
03-05-2004,7.69
04-05-2004,7.69
05-05-2004,7.69
06-05-2004,7.69
07-05-2004,7.69
08-05-2004,7.69
10-05-2004,7.69
11-05-2004,7.69
12-05-2004,7.69
13-05-2004,7.69
14-05-2004,7.71
15-05-2004,7.71
17-05-2004,7.71
18-05-2004,7.71
19-05-2004,7.71
20-05-2004,7.71
21-05-2004,7.73
22-05-2004,7.73
24-05-2004,7.73
25-05-2004,7.73
26-05-2004,7.73
27-05-2004,7.73
28-05-2004,7.75
29-05-2004,7.75
31-05-2004,7.75
01-06-2004,7.75
02-06-2004,7.75
03-06-2004,7.75
04-06-2004,7.8
05-06-2004,7.8
07-06-2004,7.8
08-06-2004,7.8
09-06-2004,7.8
10-06-2004,7.8
11-06-2004,7.84
12-06-2004,7.84
14-06-2004,7.84
15-06-2004,7.84
17-06-2004,7.84
18-06-2004,7.87
19-06-2004,7.87
21-06-2004,7.87
22-06-2004,7.87
23-06-2004,7.87
24-06-2004,7.87
25-06-2004,7.87
26-06-2004,7.87
28-06-2004,7.87
29-06-2004,7.87
30-06-2004,7.87
01-07-2004,7.87
02-07-2004,7.86
03-07-2004,7.86
05-07-2004,7.86
06-07-2004,7.86
07-07-2004,7.86
08-07-2004,7.86
09-07-2004,7.9
10-07-2004,7.9
12-07-2004,7.9
13-07-2004,7.9
14-07-2004,7.9
15-07-2004,7.9
16-07-2004,7.9
17-07-2004,7.9
19-07-2004,7.9
20-07-2004,7.9
21-07-2004,7.9
22-07-2004,7.9
23-07-2004,7.91
24-07-2004,7.91
26-07-2004,7.91
27-07-2004,7.91
28-07-2004,7.91
29-07-2004,7.91
30-07-2004,7.87
31-07-2004,7.87
02-08-2004,7.87
03-08-2004,7.87
04-08-2004,7.87
05-08-2004,7.87
06-08-2004,7.88
07-08-2004,7.88
10-08-2004,7.88
11-08-2004,7.88
12-08-2004,7.88
13-08-2004,7.2
14-08-2004,7.2
16-08-2004,7.2
17-08-2004,7.2
18-08-2004,7.2
19-08-2004,7.2
20-08-2004,7.24
21-08-2004,7.24
23-08-2004,7.24
24-08-2004,7.24
25-08-2004,7.24
26-08-2004,7.24
27-08-2004,7.15
28-08-2004,7.15
30-08-2004,7.15
31-08-2004,7.15
01-09-2004,7.15
02-09-2004,7.15
03-09-2004,7.13
04-09-2004,7.13
06-09-2004,7.13
07-09-2004,7.13
08-09-2004,7.13
09-09-2004,7.13
10-09-2004,7.13
11-09-2004,7.13
13-09-2004,7.13
14-09-2004,7.13
15-09-2004,7.13
16-09-2004,7.13
17-09-2004,7.11
18-09-2004,7.11
20-09-2004,7.11
21-09-2004,7.11
22-09-2004,7.11
23-09-2004,7.1
25-09-2004,7.1
27-09-2004,7.1
28-09-2004,7.1
29-09-2004,7.1
30-09-2004,7.1
01-10-2004,7.2
02-10-2004,7.2
04-10-2004,7.2
05-10-2004,7.2
06-10-2004,7.2
07-10-2004,7.2
08-10-2004,7.3
09-10-2004,7.3
11-10-2004,7.3
12-10-2004,7.3
13-10-2004,7.3
14-10-2004,7.3
15-10-2004,7.29
16-10-2004,7.29
18-10-2004,7.29
19-10-2004,7.29
20-10-2004,7.29
21-10-2004,7.29
22-10-2004,7.31
23-10-2004,7.31
25-10-2004,7.31
26-10-2004,7.31
27-10-2004,7.31
28-10-2004,7.31
29-10-2004,7.28
30-10-2004,7.28
01-11-2004,7.28
02-11-2004,7.28
03-11-2004,7.28
04-11-2004,7.28
05-11-2004,7.27
06-11-2004,7.27
08-11-2004,7.27
09-11-2004,7.27
10-11-2004,7.27
11-11-2004,7.27
12-11-2004,7.27
13-11-2004,7.27
15-11-2004,7.27
16-11-2004,7.27
17-11-2004,7.27
18-11-2004,7.27
19-11-2004,7.23
20-11-2004,7.23
22-11-2004,7.23
23-11-2004,7.23
24-11-2004,7.23
25-11-2004,7.23
26-11-2004,7.2
27-11-2004,7.2
29-11-2004,7.2
30-11-2004,7.2
01-12-2004,7.2
02-12-2004,7.2
03-12-2004,7.23
04-12-2004,7.23
06-12-2004,7.23
07-12-2004,7.23
08-12-2004,7.23
09-12-2004,7.23
10-12-2004,7.28
11-12-2004,7.28
13-12-2004,7.28
14-12-2004,7.28
15-12-2004,7.28
17-12-2004,7.3
18-12-2004,7.3
20-12-2004,7.3
21-12-2004,7.3
22-12-2004,7.3
23-12-2004,7.3
24-12-2004,7.32
28-12-2004,7.32
29-12-2004,7.32
30-12-2004,7.32
31-12-2004,7.32
03-01-2005,7.32
04-01-2005,7.32
05-01-2005,7.32
06-01-2005,7.32
07-01-2005,7.3
08-01-2005,7.3
10-01-2005,7.3
11-01-2005,7.3
12-01-2005,7.3
13-01-2005,7.3
14-01-2005,7.29
15-01-2005,7.29
17-01-2005,7.29
18-01-2005,7.29
19-01-2005,7.29
20-01-2005,7.29
21-01-2005,7.27
22-01-2005,7.27
24-01-2005,7.27
25-01-2005,7.27
26-01-2005,7.27
27-01-2005,7.27
28-01-2005,7.24
29-01-2005,7.24
31-01-2005,7.24
01-02-2005,7.24
02-02-2005,7.24
03-02-2005,7.24
04-02-2005,7.23
05-02-2005,7.23
07-02-2005,7.23
08-02-2005,7.23
09-02-2005,7.23
10-02-2005,7.23
11-02-2005,7.25
12-02-2005,7.25
14-02-2005,7.25
15-02-2005,7.25
16-02-2005,7.25
17-02-2005,7.25
18-02-2005,7.21
19-02-2005,7.21
21-02-2005,7.21
22-02-2005,7.21
23-02-2005,7.21
24-02-2005,7.21
25-02-2005,7.2
26-02-2005,7.2
28-02-2005,7.2
01-03-2005,7.2
02-03-2005,7.2
03-03-2005,7.2
04-03-2005,7.21
05-03-2005,7.21
07-03-2005,7.21
08-03-2005,7.21
09-03-2005,7.21
10-03-2005,7.21
11-03-2005,7.2
12-03-2005,7.2
14-03-2005,7.2
15-03-2005,7.2
16-03-2005,7.2
17-03-2005,7.2
18-03-2005,7.2
19-03-2005,7.2
22-03-2005,7.2
23-03-2005,7.2
24-03-2005,7.17
26-03-2005,7.17
29-03-2005,7.17
30-03-2005,7.17
31-03-2005,7.17
01-04-2005,7.17
02-04-2005,7.17
04-04-2005,7.17
05-04-2005,7.17
06-04-2005,7.17
07-04-2005,7.17
08-04-2005,7.21
09-04-2005,7.21
11-04-2005,7.21
12-04-2005,7.21
13-04-2005,7.21
14-04-2005,7.21
15-04-2005,6.75
16-04-2005,6.75
18-04-2005,6.75
19-04-2005,6.75
20-04-2005,6.75
21-04-2005,6.75
22-04-2005,6.71
23-04-2005,6.71
25-04-2005,6.71
26-04-2005,6.71
28-04-2005,6.71
29-04-2005,6.73
30-04-2005,6.73
03-05-2005,6.73
04-05-2005,6.73
05-05-2005,6.73
06-05-2005,6.75
07-05-2005,6.75
09-05-2005,6.75
10-05-2005,6.75
11-05-2005,6.75
12-05-2005,6.75
13-05-2005,6.75
14-05-2005,6.75
16-05-2005,6.75
17-05-2005,6.75
18-05-2005,6.75
19-05-2005,6.75
20-05-2005,6.75
21-05-2005,6.75
23-05-2005,6.75
24-05-2005,6.75
25-05-2005,6.75
26-05-2005,6.75
27-05-2005,6.76
28-05-2005,6.76
30-05-2005,6.76
31-05-2005,6.76
01-06-2005,6.76
02-06-2005,6.76
03-06-2005,6.75
04-06-2005,6.75
06-06-2005,6.75
07-06-2005,6.75
08-06-2005,6.75
09-06-2005,6.75
10-06-2005,6.76
11-06-2005,6.76
13-06-2005,6.76
14-06-2005,6.76
15-06-2005,6.76
17-06-2005,6.76
18-06-2005,6.76
20-06-2005,6.76
21-06-2005,6.76
22-06-2005,6.76
23-06-2005,6.76
24-06-2005,6.76
25-06-2005,6.76
27-06-2005,6.76
28-06-2005,6.76
29-06-2005,6.76
30-06-2005,6.76
01-07-2005,6.75
02-07-2005,6.75
04-07-2005,6.75
05-07-2005,6.75
06-07-2005,6.75
07-07-2005,6.75
08-07-2005,6.74
09-07-2005,6.74
11-07-2005,6.74
12-07-2005,6.74
13-07-2005,6.74
14-07-2005,6.74
15-07-2005,6.72
16-07-2005,6.72
18-07-2005,6.72
19-07-2005,6.72
20-07-2005,6.72
21-07-2005,6.72
22-07-2005,6.73
23-07-2005,6.73
25-07-2005,6.73
26-07-2005,6.73
27-07-2005,6.73
28-07-2005,6.73
29-07-2005,6.73
30-07-2005,6.73
01-08-2005,6.73
02-08-2005,6.73
03-08-2005,6.73
04-08-2005,6.73
05-08-2005,6.72
06-08-2005,6.72
08-08-2005,6.72
10-08-2005,6.72
11-08-2005,6.72
12-08-2005,6.72
13-08-2005,6.72
15-08-2005,6.72
16-08-2005,6.72
17-08-2005,6.72
18-08-2005,6.72
19-08-2005,6.72
20-08-2005,6.72
22-08-2005,6.72
23-08-2005,6.72
24-08-2005,6.72
25-08-2005,6.72
26-08-2005,6.71
27-08-2005,6.71
29-08-2005,6.71
30-08-2005,6.71
31-08-2005,6.71
01-09-2005,6.71
02-09-2005,6.72
03-09-2005,6.72
05-09-2005,6.72
06-09-2005,6.72
07-09-2005,6.72
08-09-2005,6.72
09-09-2005,6.74
10-09-2005,6.74
12-09-2005,6.74
13-09-2005,6.74
14-09-2005,6.74
15-09-2005,6.74
16-09-2005,6.74
17-09-2005,6.74
19-09-2005,6.74
20-09-2005,6.74
21-09-2005,6.74
22-09-2005,6.74
23-09-2005,6.75
26-09-2005,6.75
27-09-2005,6.75
28-09-2005,6.75
29-09-2005,6.75
30-09-2005,6.79
01-10-2005,6.79
03-10-2005,6.79
04-10-2005,6.79
05-10-2005,6.79
06-10-2005,6.79
07-10-2005,6.79
08-10-2005,6.79
10-10-2005,6.79
11-10-2005,6.79
12-10-2005,6.79
13-10-2005,6.79
14-10-2005,6.79
15-10-2005,6.79
17-10-2005,6.79
18-10-2005,6.79
19-10-2005,6.79
20-10-2005,6.79
21-10-2005,6.78
22-10-2005,6.78
24-10-2005,6.78
25-10-2005,6.78
26-10-2005,6.78
27-10-2005,6.78
28-10-2005,6.84
29-10-2005,6.84
31-10-2005,6.84
01-11-2005,6.84
02-11-2005,6.84
03-11-2005,6.84
04-11-2005,6.85
05-11-2005,6.85
07-11-2005,6.85
08-11-2005,6.85
09-11-2005,6.85
10-11-2005,6.85
11-11-2005,6.86
12-11-2005,6.86
14-11-2005,6.86
15-11-2005,6.86
16-11-2005,6.86
17-11-2005,6.86
18-11-2005,6.97
19-11-2005,6.97
21-11-2005,6.97
22-11-2005,6.97
23-11-2005,6.97
24-11-2005,6.97
25-11-2005,6.89
26-11-2005,6.89
28-11-2005,6.89
29-11-2005,6.89
30-11-2005,6.89
01-12-2005,6.89
02-12-2005,6.87
03-12-2005,6.87
05-12-2005,6.87
06-12-2005,6.87
07-12-2005,6.87
08-12-2005,6.87
09-12-2005,6.82
10-12-2005,6.82
12-12-2005,6.82
13-12-2005,6.82
14-12-2005,6.82
15-12-2005,6.82
17-12-2005,6.8
19-12-2005,6.8
20-12-2005,6.8
21-12-2005,6.8
22-12-2005,6.8
23-12-2005,6.78
24-12-2005,6.78
27-12-2005,6.78
28-12-2005,6.78
29-12-2005,6.78
30-12-2005,6.78
31-12-2005,6.78
03-01-2006,6.78
04-01-2006,6.78
05-01-2006,6.78
06-01-2006,6.77
07-01-2006,6.77
09-01-2006,6.77
10-01-2006,6.77
11-01-2006,6.77
12-01-2006,6.77
13-01-2006,6.73
14-01-2006,6.73
16-01-2006,6.73
17-01-2006,6.73
18-01-2006,6.73
19-01-2006,6.73
20-01-2006,6.72
21-01-2006,6.72
23-01-2006,6.72
24-01-2006,6.72
25-01-2006,6.72
26-01-2006,6.72
27-01-2006,6.69
28-01-2006,6.69
30-01-2006,6.69
31-01-2006,6.69
01-02-2006,6.69
02-02-2006,6.69
03-02-2006,6.69
04-02-2006,6.69
06-02-2006,6.69
07-02-2006,6.69
08-02-2006,6.69
09-02-2006,6.69
10-02-2006,6.71
11-02-2006,6.71
13-02-2006,6.71
14-02-2006,6.71
15-02-2006,6.71
16-02-2006,6.71
17-02-2006,6.68
18-02-2006,6.68
20-02-2006,6.68
21-02-2006,6.68
22-02-2006,6.68
23-02-2006,6.68
24-02-2006,6.59
25-02-2006,6.59
27-02-2006,6.59
28-02-2006,6.59
02-03-2006,6.59
03-03-2006,6.52
04-03-2006,6.52
06-03-2006,6.52
07-03-2006,6.52
08-03-2006,6.52
09-03-2006,6.52
10-03-2006,6.56
11-03-2006,6.56
13-03-2006,6.56
14-03-2006,6.56
15-03-2006,6.56
16-03-2006,6.56
17-03-2006,6.49
18-03-2006,6.49
20-03-2006,6.49
22-03-2006,6.49
23-03-2006,6.49
24-03-2006,6.51
25-03-2006,6.51
27-03-2006,6.51
28-03-2006,6.51
29-03-2006,6.51
30-03-2006,6.51
31-03-2006,6.6
01-04-2006,6.6
03-04-2006,6.6
04-04-2006,6.6
05-04-2006,6.6
06-04-2006,6.6
07-04-2006,6.62
08-04-2006,6.62
10-04-2006,6.62
11-04-2006,6.62
12-04-2006,6.62
13-04-2006,6.64
15-04-2006,6.64
18-04-2006,6.64
19-04-2006,6.64
20-04-2006,6.64
21-04-2006,6.7
22-04-2006,6.7
24-04-2006,6.7
25-04-2006,6.7
26-04-2006,6.7
28-04-2006,6.74
29-04-2006,6.74
02-05-2006,6.74
03-05-2006,6.74
04-05-2006,6.74
05-05-2006,6.77
06-05-2006,6.77
08-05-2006,6.77
09-05-2006,6.77
10-05-2006,6.77
11-05-2006,6.77
12-05-2006,6.82
13-05-2006,6.82
15-05-2006,6.82
16-05-2006,6.82
17-05-2006,6.82
18-05-2006,6.82
19-05-2006,6.83
20-05-2006,6.83
22-05-2006,6.83
23-05-2006,6.83
24-05-2006,6.83
25-05-2006,6.83
26-05-2006,6.83
27-05-2006,6.83
29-05-2006,6.83
30-05-2006,6.83
31-05-2006,6.83
01-06-2006,6.83
02-06-2006,6.82
03-06-2006,6.82
05-06-2006,6.82
06-06-2006,6.82
07-06-2006,6.82
08-06-2006,6.82
09-06-2006,7.26
10-06-2006,7.26
12-06-2006,7.26
13-06-2006,7.26
14-06-2006,7.26
15-06-2006,7.31
17-06-2006,7.18
19-06-2006,7.18
20-06-2006,7.18
21-06-2006,7.18
22-06-2006,7.18
23-06-2006,7.23
24-06-2006,7.23
26-06-2006,7.23
27-06-2006,7.23
28-06-2006,7.23
29-06-2006,7.23
30-06-2006,7.19
01-07-2006,7.19
03-07-2006,7.19
04-07-2006,7.19
05-07-2006,7.19
06-07-2006,7.19
07-07-2006,7.16
08-07-2006,7.16
10-07-2006,7.16
11-07-2006,7.16
12-07-2006,7.16
13-07-2006,7.16
14-07-2006,7.14
15-07-2006,7.14
17-07-2006,7.14
18-07-2006,7.14
19-07-2006,7.14
20-07-2006,7.14
21-07-2006,7.43
22-07-2006,7.43
24-07-2006,7.43
25-07-2006,7.43
26-07-2006,7.43
27-07-2006,7.43
28-07-2006,7.63
29-07-2006,7.63
31-07-2006,7.63
01-08-2006,7.63
02-08-2006,7.63
03-08-2006,7.63
04-08-2006,7.7
05-08-2006,7.7
07-08-2006,7.7
08-08-2006,7.7
10-08-2006,7.7
11-08-2006,7.67
12-08-2006,7.67
14-08-2006,7.67
15-08-2006,7.67
16-08-2006,7.67
17-08-2006,7.67
18-08-2006,7.7
19-08-2006,7.7
21-08-2006,7.7
22-08-2006,7.7
23-08-2006,7.7
24-08-2006,7.7
25-08-2006,7.71
26-08-2006,7.71
28-08-2006,7.71
29-08-2006,7.71
30-08-2006,7.71
31-08-2006,7.71
01-09-2006,7.7
02-09-2006,7.7
04-09-2006,7.7
05-09-2006,7.7
06-09-2006,7.7
07-09-2006,7.7
08-09-2006,7.61
09-09-2006,7.61
11-09-2006,7.61
12-09-2006,7.61
13-09-2006,7.61
14-09-2006,7.61
15-09-2006,7.75
16-09-2006,7.75
18-09-2006,7.75
19-09-2006,7.75
20-09-2006,7.75
21-09-2006,7.75
22-09-2006,7.88
23-09-2006,7.88
26-09-2006,7.88
27-09-2006,7.88
28-09-2006,7.88
29-09-2006,8
30-09-2006,8
02-10-2006,8
03-10-2006,8
04-10-2006,8
05-10-2006,8
06-10-2006,8.23
07-10-2006,8.23
09-10-2006,8.23
10-10-2006,8.23
11-10-2006,8.23
12-10-2006,8.23
13-10-2006,8.26
14-10-2006,8.26
16-10-2006,8.26
17-10-2006,8.26
18-10-2006,8.26
19-10-2006,8.26
20-10-2006,8.29
21-10-2006,8.29
23-10-2006,8.29
24-10-2006,8.29
25-10-2006,8.29
26-10-2006,8.29
27-10-2006,8.27
28-10-2006,8.27
30-10-2006,8.27
31-10-2006,8.27
01-11-2006,8.27
02-11-2006,8.27
03-11-2006,8.22
04-11-2006,8.22
06-11-2006,8.22
07-11-2006,8.22
08-11-2006,8.22
09-11-2006,8.22
10-11-2006,8.2
11-11-2006,8.2
13-11-2006,8.2
14-11-2006,8.2
15-11-2006,8.2
16-11-2006,8.2
17-11-2006,8.23
18-11-2006,8.23
20-11-2006,8.23
21-11-2006,8.23
22-11-2006,8.23
23-11-2006,8.23
24-11-2006,8.26
25-11-2006,8.26
27-11-2006,8.26
28-11-2006,8.26
29-11-2006,8.26
30-11-2006,8.26
01-12-2006,8.26
02-12-2006,8.26
04-12-2006,8.26
05-12-2006,8.26
06-12-2006,8.26
07-12-2006,8.26
08-12-2006,8.41
09-12-2006,8.41
11-12-2006,8.41
12-12-2006,8.41
13-12-2006,8.41
14-12-2006,8.41
15-12-2006,8.43
18-12-2006,8.43
19-12-2006,8.43
20-12-2006,8.43
21-12-2006,8.43
22-12-2006,8.47
23-12-2006,8.47
27-12-2006,8.47
28-12-2006,8.47
29-12-2006,8.49
30-12-2006,8.49
02-01-2007,8.49
03-01-2007,8.49
04-01-2007,8.49
05-01-2007,8.56
06-01-2007,8.56
08-01-2007,8.56
09-01-2007,8.56
10-01-2007,8.56
11-01-2007,8.56
12-01-2007,8.67
13-01-2007,8.67
15-01-2007,8.67
16-01-2007,8.67
17-01-2007,8.67
18-01-2007,8.67
19-01-2007,8.85
20-01-2007,8.85
22-01-2007,8.85
23-01-2007,8.85
24-01-2007,8.85
25-01-2007,8.85
26-01-2007,8.87
27-01-2007,8.87
29-01-2007,8.87
30-01-2007,8.87
31-01-2007,8.87
01-02-2007,8.87
02-02-2007,8.82
03-02-2007,8.82
05-02-2007,8.82
06-02-2007,8.82
07-02-2007,8.82
08-02-2007,8.82
09-02-2007,8.77
10-02-2007,8.77
12-02-2007,8.77
13-02-2007,8.77
14-02-2007,8.77
15-02-2007,8.77
16-02-2007,8.55
17-02-2007,8.55
19-02-2007,8.55
20-02-2007,8.55
21-02-2007,8.55
22-02-2007,8.55
23-02-2007,8.41
24-02-2007,8.41
26-02-2007,8.41
27-02-2007,8.41
28-02-2007,8.41
01-03-2007,8.41
02-03-2007,8.31
03-03-2007,8.31
05-03-2007,8.31
06-03-2007,8.31
07-03-2007,8.31
08-03-2007,8.31
09-03-2007,8.28
10-03-2007,8.28
12-03-2007,8.28
13-03-2007,8.28
14-03-2007,8.28
15-03-2007,8.28
16-03-2007,8.27
17-03-2007,8.27
19-03-2007,8.27
20-03-2007,8.27
22-03-2007,8.27
23-03-2007,8.25
24-03-2007,8.25
26-03-2007,8.25
27-03-2007,8.25
28-03-2007,8.25
29-03-2007,8.25
30-03-2007,8.26
31-03-2007,8.26
02-04-2007,8.26
03-04-2007,8.26
04-04-2007,8.26
05-04-2007,8.27
07-04-2007,8.27
10-04-2007,8.27
11-04-2007,8.27
12-04-2007,8.27
13-04-2007,8.28
14-04-2007,8.28
16-04-2007,8.28
17-04-2007,8.28
18-04-2007,8.28
19-04-2007,8.28
20-04-2007,8.29
21-04-2007,8.29
23-04-2007,8.29
24-04-2007,8.29
25-04-2007,8.29
26-04-2007,8.29
28-04-2007,8.29
30-04-2007,8.32
02-05-2007,8.32
03-05-2007,8.32
04-05-2007,8.34
05-05-2007,8.34
07-05-2007,8.34
08-05-2007,8.34
09-05-2007,8.34
10-05-2007,8.34
11-05-2007,8.38
12-05-2007,8.38
14-05-2007,8.38
15-05-2007,8.38
16-05-2007,8.38
17-05-2007,8.38
18-05-2007,8.64
19-05-2007,8.64
21-05-2007,8.64
22-05-2007,8.64
23-05-2007,8.64
24-05-2007,8.64
25-05-2007,8.68
26-05-2007,8.68
28-05-2007,8.68
29-05-2007,8.68
30-05-2007,8.68
31-05-2007,8.68
01-06-2007,8.84
02-06-2007,8.84
04-06-2007,8.84
05-06-2007,8.84
06-06-2007,8.84
07-06-2007,8.84
08-06-2007,9.03
09-06-2007,9.03
11-06-2007,9.03
12-06-2007,9.03
13-06-2007,9.03
14-06-2007,9.03
15-06-2007,9.09
18-06-2007,9.09
19-06-2007,9.09
20-06-2007,9.09
21-06-2007,9.09
22-06-2007,9.09
23-06-2007,9.09
25-06-2007,9.09
26-06-2007,9.09
27-06-2007,9.09
28-06-2007,9.09
29-06-2007,9.1
30-06-2007,9.1
02-07-2007,9.1
03-07-2007,9.1
04-07-2007,9.1
05-07-2007,9.1
06-07-2007,9.1
07-07-2007,9.1
09-07-2007,9.1
10-07-2007,9.1
11-07-2007,9.1
12-07-2007,9.1
13-07-2007,9.05
14-07-2007,9.05
16-07-2007,9.05
17-07-2007,9.05
18-07-2007,9.05
19-07-2007,9.05
20-07-2007,9
21-07-2007,9
23-07-2007,9
24-07-2007,9
25-07-2007,9
26-07-2007,9
27-07-2007,8.86
28-07-2007,8.86
30-07-2007,8.86
31-07-2007,8.86
01-08-2007,8.86
02-08-2007,8.86
03-08-2007,8.84
04-08-2007,8.84
06-08-2007,8.84
07-08-2007,8.84
08-08-2007,8.84
10-08-2007,9.07
11-08-2007,9.07
13-08-2007,9.07
14-08-2007,9.07
15-08-2007,9.07
16-08-2007,9.07
17-08-2007,9.32
18-08-2007,9.32
20-08-2007,9.32
21-08-2007,9.32
22-08-2007,9.32
23-08-2007,9.32
24-08-2007,9.3
25-08-2007,9.3
27-08-2007,9.3
28-08-2007,9.3
29-08-2007,9.3
30-08-2007,9.3
31-08-2007,9.26
01-09-2007,9.26
03-09-2007,9.26
04-09-2007,9.26
05-09-2007,9.26
06-09-2007,9.26
07-09-2007,9.26
08-09-2007,9.26
10-09-2007,9.26
11-09-2007,9.26
12-09-2007,9.26
13-09-2007,9.26
14-09-2007,9.29
15-09-2007,9.29
17-09-2007,9.29
18-09-2007,9.29
19-09-2007,9.29
20-09-2007,9.29
21-09-2007,9.41
22-09-2007,9.41
25-09-2007,9.41
26-09-2007,9.41
27-09-2007,9.41
28-09-2007,9.43
29-09-2007,9.43
01-10-2007,9.43
02-10-2007,9.43
03-10-2007,9.43
04-10-2007,9.43
05-10-2007,9.52
06-10-2007,9.52
08-10-2007,9.52
09-10-2007,9.52
10-10-2007,9.52
11-10-2007,9.52
12-10-2007,9.89
13-10-2007,9.89
15-10-2007,9.89
16-10-2007,9.89
17-10-2007,9.89
18-10-2007,9.89
19-10-2007,9.96
20-10-2007,9.96
22-10-2007,9.96
23-10-2007,9.96
24-10-2007,9.96
25-10-2007,9.96
26-10-2007,9.96
27-10-2007,9.96
29-10-2007,9.96
30-10-2007,9.96
31-10-2007,9.96
01-11-2007,9.96
02-11-2007,9.96
03-11-2007,9.96
05-11-2007,9.96
06-11-2007,9.96
07-11-2007,9.96
08-11-2007,9.96
09-11-2007,10.06
10-11-2007,10.06
12-11-2007,10.06
13-11-2007,10.06
14-11-2007,10.06
15-11-2007,10.06
16-11-2007,10.43
17-11-2007,10.43
19-11-2007,10.43
20-11-2007,10.43
21-11-2007,10.43
22-11-2007,10.43
23-11-2007,10.43
24-11-2007,10.43
26-11-2007,10.43
27-11-2007,10.43
28-11-2007,10.43
29-11-2007,10.43
30-11-2007,10.43
01-12-2007,10.43
03-12-2007,10.43
04-12-2007,10.43
05-12-2007,10.43
06-12-2007,10.43
07-12-2007,10.43
08-12-2007,10.43
10-12-2007,10.43
11-12-2007,10.43
12-12-2007,10.43
13-12-2007,10.43
14-12-2007,10.43
15-12-2007,10.43
18-12-2007,10.54
19-12-2007,10.54
20-12-2007,10.54
21-12-2007,10.54
22-12-2007,10.54
24-12-2007,10.54
27-12-2007,10.54
28-12-2007,10.52
29-12-2007,10.52
31-12-2007,10.52
02-01-2008,10.52
03-01-2008,10.52
04-01-2008,10.52
05-01-2008,10.52
07-01-2008,10.52
08-01-2008,10.52
09-01-2008,10.52
10-01-2008,10.52
11-01-2008,10.5
12-01-2008,10.5
14-01-2008,10.5
15-01-2008,10.5
16-01-2008,10.5
17-01-2008,10.5
18-01-2008,10.49
19-01-2008,10.49
21-01-2008,10.49
22-01-2008,10.49
23-01-2008,10.49
24-01-2008,10.49
25-01-2008,10.37
26-01-2008,10.37
28-01-2008,10.37
29-01-2008,10.37
30-01-2008,10.37
31-01-2008,10.37
01-02-2008,10.31
02-02-2008,10.31
04-02-2008,10.31
05-02-2008,10.31
06-02-2008,10.31
07-02-2008,10.31
08-02-2008,10.36
09-02-2008,10.36
11-02-2008,10.36
12-02-2008,10.36
13-02-2008,10.36
14-02-2008,10.36
15-02-2008,10.33
16-02-2008,10.33
18-02-2008,10.33
19-02-2008,10.33
20-02-2008,10.33
21-02-2008,10.33
22-02-2008,10.29
23-02-2008,10.29
25-02-2008,10.29
26-02-2008,10.29
27-02-2008,10.29
28-02-2008,10.29
29-02-2008,10.24
01-03-2008,10.24
03-03-2008,10.24
04-03-2008,10.24
05-03-2008,10.24
06-03-2008,10.24
07-03-2008,10.26
08-03-2008,10.26
10-03-2008,10.26
11-03-2008,10.26
12-03-2008,10.26
13-03-2008,10.26
14-03-2008,10.17
15-03-2008,10.17
17-03-2008,10.17
18-03-2008,10.17
19-03-2008,10.17
20-03-2008,10.13
22-03-2008,10.13
25-03-2008,10.13
26-03-2008,10.13
27-03-2008,10.13
28-03-2008,10.04
29-03-2008,10.04
31-03-2008,10.04
01-04-2008,10.04
02-04-2008,10.04
03-04-2008,10.04
04-04-2008,10.05
05-04-2008,10.05
07-04-2008,10.05
08-04-2008,10.05
09-04-2008,10.05
10-04-2008,10.05
11-04-2008,10.31
12-04-2008,10.31
14-04-2008,10.31
15-04-2008,10.31
16-04-2008,10.31
17-04-2008,10.31
18-04-2008,10.42
19-04-2008,10.42
21-04-2008,10.42
22-04-2008,10.42
23-04-2008,10.42
24-04-2008,10.42
25-04-2008,10.46
26-04-2008,10.46
29-04-2008,10.46
30-04-2008,10.46
03-05-2008,10.46
05-05-2008,10.51
06-05-2008,10.51
07-05-2008,10.51
08-05-2008,10.51
09-05-2008,10.5
10-05-2008,10.5
12-05-2008,10.5
13-05-2008,10.5
14-05-2008,10.5
15-05-2008,10.5
16-05-2008,10.53
17-05-2008,10.53
19-05-2008,10.53
20-05-2008,10.53
21-05-2008,10.53
22-05-2008,10.53
23-05-2008,10.55
24-05-2008,10.55
26-05-2008,10.55
27-05-2008,10.55
28-05-2008,10.55
29-05-2008,10.55
30-05-2008,11.55
31-05-2008,11.55
02-06-2008,11.55
03-06-2008,11.55
04-06-2008,11.55
05-06-2008,11.55
06-06-2008,11.66
07-06-2008,11.66
09-06-2008,11.66
10-06-2008,11.66
11-06-2008,11.66
12-06-2008,11.66
13-06-2008,11.17
14-06-2008,11.17
17-06-2008,11.17
18-06-2008,11.17
19-06-2008,11.17
20-06-2008,11.32
21-06-2008,11.32
23-06-2008,11.32
24-06-2008,11.32
25-06-2008,11.32
26-06-2008,11.32
27-06-2008,11.38
28-06-2008,11.38
30-06-2008,11.38
01-07-2008,11.38
02-07-2008,11.38
03-07-2008,11.38
04-07-2008,11.41
05-07-2008,11.41
07-07-2008,11.41
08-07-2008,11.41
09-07-2008,11.41
10-07-2008,11.41
11-07-2008,11.42
12-07-2008,11.42
14-07-2008,11.42
15-07-2008,11.42
16-07-2008,11.42
17-07-2008,11.42
18-07-2008,11.33
19-07-2008,11.33
21-07-2008,11.33
22-07-2008,11.33
23-07-2008,11.33
24-07-2008,11.33
25-07-2008,11.35
26-07-2008,11.35
28-07-2008,11.35
29-07-2008,11.35
30-07-2008,11.35
31-07-2008,11.35
01-08-2008,11.52
02-08-2008,11.52
04-08-2008,11.52
05-08-2008,11.52
06-08-2008,11.52
07-08-2008,11.52
08-08-2008,11.45
11-08-2008,11.45
12-08-2008,11.45
13-08-2008,11.45
14-08-2008,11.45
15-08-2008,11.33
16-08-2008,11.33
18-08-2008,11.33
19-08-2008,11.33
20-08-2008,11.33
21-08-2008,11.33
22-08-2008,11.18
23-08-2008,11.18
25-08-2008,11.18
26-08-2008,11.18
27-08-2008,11.18
28-08-2008,11.18
29-08-2008,11.16
30-08-2008,11.16
01-09-2008,11.16
02-09-2008,11.16
03-09-2008,11.16
04-09-2008,11.16
05-09-2008,11.18
06-09-2008,11.18
08-09-2008,11.18
09-09-2008,11.18
10-09-2008,11.18
11-09-2008,11.18
12-09-2008,11.16
13-09-2008,11.16
15-09-2008,11.16
16-09-2008,11.16
17-09-2008,11.16
18-09-2008,11.16
19-09-2008,11.12
20-09-2008,11.12
22-09-2008,11.12
23-09-2008,11.12
25-09-2008,11.12
26-09-2008,11.11
27-09-2008,11.11
29-09-2008,11.11
30-09-2008,11.11
01-10-2008,11.11
02-10-2008,11.11
03-10-2008,11.09
04-10-2008,11.09
06-10-2008,11.09
07-10-2008,11.09
08-10-2008,11.09
09-10-2008,11.09
10-10-2008,10.98
11-10-2008,10.98
13-10-2008,10.98
14-10-2008,10.98
15-10-2008,10.98
16-10-2008,10.98
17-10-2008,10.88
18-10-2008,10.88
20-10-2008,10.88
21-10-2008,10.88
22-10-2008,10.88
23-10-2008,10.88
24-10-2008,10.74
25-10-2008,10.74
27-10-2008,10.74
28-10-2008,10.74
29-10-2008,10.74
30-10-2008,10.74
31-10-2008,10.7
01-11-2008,10.7
03-11-2008,10.7
04-11-2008,10.7
05-11-2008,10.7
06-11-2008,10.7
07-11-2008,10.8
08-11-2008,10.8
10-11-2008,10.8
11-11-2008,10.8
12-11-2008,10.8
13-11-2008,10.8
14-11-2008,10.92
15-11-2008,10.92
17-11-2008,10.92
18-11-2008,10.92
19-11-2008,10.92
20-11-2008,10.92
21-11-2008,10.94
22-11-2008,10.94
24-11-2008,10.94
25-11-2008,10.94
26-11-2008,10.94
27-11-2008,10.94
28-11-2008,10.9
29-11-2008,10.9
01-12-2008,10.9
02-12-2008,10.9
03-12-2008,10.9
04-12-2008,10.9
05-12-2008,11.03
06-12-2008,11.03
08-12-2008,11.03
09-12-2008,11.03
10-12-2008,11.03
11-12-2008,11.03
12-12-2008,10.5
13-12-2008,10.5
15-12-2008,10.5
17-12-2008,10.5
18-12-2008,10.5
19-12-2008,10.61
20-12-2008,10.61
22-12-2008,10.61
23-12-2008,10.61
24-12-2008,10.61
27-12-2008,10.61
29-12-2008,10.84
30-12-2008,10.84
31-12-2008,10.84
02-01-2009,10.79
03-01-2009,10.79
05-01-2009,10.79
06-01-2009,10.79
07-01-2009,10.79
08-01-2009,10.79
09-01-2009,10.77
10-01-2009,10.77
12-01-2009,10.77
13-01-2009,10.77
14-01-2009,10.77
15-01-2009,10.77
16-01-2009,10.73
17-01-2009,10.73
19-01-2009,10.73
20-01-2009,10.73
21-01-2009,10.73
22-01-2009,10.73
23-01-2009,10.52
24-01-2009,10.52
26-01-2009,10.52
27-01-2009,10.52
28-01-2009,10.52
29-01-2009,10.52
30-01-2009,10.1
31-01-2009,10.1
02-02-2009,10.1
03-02-2009,10.1
04-02-2009,10.1
05-02-2009,10.1
06-02-2009,9.35
07-02-2009,9.35
09-02-2009,9.35
10-02-2009,9.35
11-02-2009,9.35
12-02-2009,9.35
13-02-2009,8.9
14-02-2009,8.9
16-02-2009,8.9
17-02-2009,8.9
18-02-2009,8.9
19-02-2009,8.9
20-02-2009,8.94
21-02-2009,8.94
23-02-2009,8.94
24-02-2009,8.94
25-02-2009,8.94
26-02-2009,8.94
27-02-2009,8.92
28-02-2009,8.92
02-03-2009,8.92
03-03-2009,8.92
04-03-2009,8.92
05-03-2009,8.92
06-03-2009,8.85
07-03-2009,8.85
09-03-2009,8.85
10-03-2009,8.85
11-03-2009,8.85
12-03-2009,8.85
13-03-2009,8.82
14-03-2009,8.82
16-03-2009,8.82
17-03-2009,8.82
18-03-2009,8.82
19-03-2009,8.82
20-03-2009,8.18
21-03-2009,8.18
23-03-2009,8.18
24-03-2009,8.18
25-03-2009,8.18
26-03-2009,8.18
27-03-2009,8.24
28-03-2009,8.24
30-03-2009,8.24
31-03-2009,8.24
01-04-2009,8.24
02-04-2009,8.24
03-04-2009,8.25
04-04-2009,8.25
06-04-2009,8.25
07-04-2009,8.25
08-04-2009,8.25
09-04-2009,8.36
11-04-2009,8.36
14-04-2009,8.36
15-04-2009,8.36
16-04-2009,8.36
17-04-2009,8.34
18-04-2009,8.34
20-04-2009,8.34
21-04-2009,8.34
23-04-2009,8.34
24-04-2009,8.21
25-04-2009,8.21
28-04-2009,8.21
29-04-2009,8.21
30-04-2009,8.09
02-05-2009,8.09
04-05-2009,8.09
05-05-2009,8.09
06-05-2009,8.09
07-05-2009,8.09
08-05-2009,7.72
09-05-2009,7.72
11-05-2009,7.72
12-05-2009,7.72
13-05-2009,7.72
14-05-2009,7.72
15-05-2009,7.67
16-05-2009,7.67
18-05-2009,7.67
19-05-2009,7.67
20-05-2009,7.67
21-05-2009,7.67
22-05-2009,7.51
23-05-2009,7.51
25-05-2009,7.51
26-05-2009,7.51
27-05-2009,7.51
28-05-2009,7.51
29-05-2009,7.06
30-05-2009,7.06
01-06-2009,7.06
02-06-2009,7.06
03-06-2009,7.06
04-06-2009,7.06
05-06-2009,7.16
06-06-2009,7.16
08-06-2009,7.16
09-06-2009,7.16
10-06-2009,7.16
11-06-2009,7.16
12-06-2009,7.3
13-06-2009,7.3
15-06-2009,7.3
17-06-2009,7.3
18-06-2009,7.3
19-06-2009,7.24
20-06-2009,7.24
22-06-2009,7.24
23-06-2009,7.24
24-06-2009,7.24
25-06-2009,7.24
26-06-2009,7.38
27-06-2009,7.38
29-06-2009,7.38
30-06-2009,7.38
01-07-2009,7.38
02-07-2009,7.38
03-07-2009,7.37
04-07-2009,7.37
06-07-2009,7.37
07-07-2009,7.37
08-07-2009,7.37
09-07-2009,7.37
10-07-2009,7.36
11-07-2009,7.36
13-07-2009,7.36
14-07-2009,7.36
15-07-2009,7.36
16-07-2009,7.36
17-07-2009,7.38
18-07-2009,7.38
20-07-2009,7.38
21-07-2009,7.38
22-07-2009,7.38
23-07-2009,7.38
24-07-2009,7.43
25-07-2009,7.43
27-07-2009,7.43
28-07-2009,7.43
29-07-2009,7.43
30-07-2009,7.43
31-07-2009,7.44
01-08-2009,7.44
03-08-2009,7.44
04-08-2009,7.44
05-08-2009,7.44
06-08-2009,7.44
07-08-2009,7.44
08-08-2009,7.44
11-08-2009,7.44
12-08-2009,7.44
13-08-2009,7.44
14-08-2009,6.98
15-08-2009,6.98
17-08-2009,6.98
18-08-2009,6.98
19-08-2009,6.98
20-08-2009,6.98
21-08-2009,6.97
22-08-2009,6.97
24-08-2009,6.97
25-08-2009,6.97
26-08-2009,6.97
27-08-2009,6.97
28-08-2009,6.98
29-08-2009,6.98
31-08-2009,6.98
01-09-2009,6.98
02-09-2009,6.98
03-09-2009,6.98
04-09-2009,6.98
05-09-2009,6.98
07-09-2009,6.98
08-09-2009,6.98
09-09-2009,6.98
10-09-2009,6.98
11-09-2009,6.96
12-09-2009,6.96
14-09-2009,6.96
15-09-2009,6.96
16-09-2009,6.96
17-09-2009,6.96
18-09-2009,6.88
19-09-2009,6.88
21-09-2009,6.88
22-09-2009,6.88
23-09-2009,6.88
25-09-2009,6.9
26-09-2009,6.9
28-09-2009,6.9
29-09-2009,6.9
30-09-2009,6.9
01-10-2009,6.9
02-10-2009,6.87
03-10-2009,6.87
05-10-2009,6.87
06-10-2009,6.87
07-10-2009,6.87
08-10-2009,6.87
09-10-2009,6.89
10-10-2009,6.89
12-10-2009,6.89
13-10-2009,6.89
14-10-2009,6.89
15-10-2009,6.89
16-10-2009,6.97
17-10-2009,6.97
19-10-2009,6.97
20-10-2009,6.97
21-10-2009,6.97
22-10-2009,6.97
23-10-2009,7.03
24-10-2009,7.03
26-10-2009,7.03
27-10-2009,7.03
28-10-2009,7.03
29-10-2009,7.03
30-10-2009,7.03
31-10-2009,7.03
02-11-2009,7.03
03-11-2009,7.03
04-11-2009,7.03
05-11-2009,7.03
06-11-2009,7.01
07-11-2009,7.01
09-11-2009,7.01
10-11-2009,7.01
11-11-2009,7.01
12-11-2009,7.01
13-11-2009,6.99
14-11-2009,6.99
16-11-2009,6.99
17-11-2009,6.99
18-11-2009,6.99
19-11-2009,6.99
20-11-2009,7.01
21-11-2009,7.01
23-11-2009,7.01
24-11-2009,7.01
25-11-2009,7.01
26-11-2009,7.01
27-11-2009,7.03
28-11-2009,7.03
30-11-2009,7.03
01-12-2009,7.03
02-12-2009,7.03
03-12-2009,7.03
04-12-2009,7.07
05-12-2009,7.07
07-12-2009,7.07
08-12-2009,7.07
09-12-2009,7.07
10-12-2009,7.07
11-12-2009,7.02
12-12-2009,7.02
14-12-2009,7.02
15-12-2009,7.02
17-12-2009,7.02
18-12-2009,7.08
19-12-2009,7.08
21-12-2009,7.08
22-12-2009,7.08
23-12-2009,7.08
24-12-2009,7.14
28-12-2009,7.14
29-12-2009,7.14
30-12-2009,7.14
31-12-2009,7.14
02-01-2010,7.14
04-01-2010,7.14
05-01-2010,7.14
06-01-2010,7.14
07-01-2010,7.14
08-01-2010,7.11
09-01-2010,7.11
11-01-2010,7.11
12-01-2010,7.11
13-01-2010,7.11
14-01-2010,7.11
15-01-2010,7.1
16-01-2010,7.1
18-01-2010,7.1
19-01-2010,7.1
20-01-2010,7.1
21-01-2010,7.1
22-01-2010,7.1
23-01-2010,7.1
25-01-2010,7.1
26-01-2010,7.1
27-01-2010,7.1
28-01-2010,7.1
29-01-2010,7.07
30-01-2010,7.07
01-02-2010,7.07
02-02-2010,7.07
03-02-2010,7.07
04-02-2010,7.07
05-02-2010,7.08
06-02-2010,7.08
08-02-2010,7.08
09-02-2010,7.08
10-02-2010,7.08
11-02-2010,7.08
12-02-2010,7.08
13-02-2010,7.08
15-02-2010,7.08
16-02-2010,7.08
17-02-2010,7.08
18-02-2010,7.08
19-02-2010,7.08
20-02-2010,7.08
22-02-2010,7.08
23-02-2010,7.08
24-02-2010,7.08
25-02-2010,7.08
26-02-2010,7.05
27-02-2010,7.05
01-03-2010,7.05
02-03-2010,7.05
03-03-2010,7.05
04-03-2010,7.05
05-03-2010,7.02
06-03-2010,7.02
08-03-2010,7.02
09-03-2010,7.02
10-03-2010,7.02
11-03-2010,7.02
12-03-2010,7.04
13-03-2010,7.04
15-03-2010,7.04
16-03-2010,7.04
17-03-2010,7.04
18-03-2010,7.04
19-03-2010,7.04
20-03-2010,7.04
23-03-2010,7.04
24-03-2010,7.04
25-03-2010,7.04
26-03-2010,6.6
27-03-2010,6.6
29-03-2010,6.6
30-03-2010,6.6
31-03-2010,6.6
01-04-2010,6.59
03-04-2010,6.59
06-04-2010,6.59
07-04-2010,6.59
08-04-2010,6.59
09-04-2010,6.59
10-04-2010,6.59
12-04-2010,6.59
13-04-2010,6.59
14-04-2010,6.59
15-04-2010,6.59
16-04-2010,6.57
17-04-2010,6.57
19-04-2010,6.57
20-04-2010,6.57
21-04-2010,6.57
22-04-2010,6.57
23-04-2010,6.6
24-04-2010,6.6
26-04-2010,6.6
28-04-2010,6.6
29-04-2010,6.6
30-04-2010,6.59
03-05-2010,6.59
04-05-2010,6.59
05-05-2010,6.59
06-05-2010,6.59
07-05-2010,6.59
08-05-2010,6.59
10-05-2010,6.59
11-05-2010,6.59
12-05-2010,6.59
13-05-2010,6.59
14-05-2010,6.59
15-05-2010,6.59
17-05-2010,6.59
18-05-2010,6.59
19-05-2010,6.59
20-05-2010,6.59
21-05-2010,6.57
22-05-2010,6.57
24-05-2010,6.57
25-05-2010,6.57
26-05-2010,6.57
27-05-2010,6.57
28-05-2010,6.57
29-05-2010,6.57
31-05-2010,6.57
01-06-2010,6.57
02-06-2010,6.57
03-06-2010,6.57
04-06-2010,6.55
05-06-2010,6.55
07-06-2010,6.55
08-06-2010,6.55
09-06-2010,6.55
10-06-2010,6.55
11-06-2010,6.53
12-06-2010,6.53
14-06-2010,6.53
15-06-2010,6.53
17-06-2010,6.53
18-06-2010,6.53
19-06-2010,6.53
21-06-2010,6.53
22-06-2010,6.53
23-06-2010,6.53
24-06-2010,6.53
25-06-2010,6.54
26-06-2010,6.54
28-06-2010,6.54
29-06-2010,6.54
30-06-2010,6.54
01-07-2010,6.54
02-07-2010,6.54
03-07-2010,6.54
05-07-2010,6.54
06-07-2010,6.54
07-07-2010,6.54
08-07-2010,6.54
09-07-2010,6.46
10-07-2010,6.46
12-07-2010,6.46
13-07-2010,6.46
14-07-2010,6.46
15-07-2010,6.46
16-07-2010,6.45
17-07-2010,6.45
19-07-2010,6.45
20-07-2010,6.45
21-07-2010,6.45
22-07-2010,6.45
23-07-2010,6.46
24-07-2010,6.46
26-07-2010,6.46
27-07-2010,6.46
28-07-2010,6.46
29-07-2010,6.46
30-07-2010,6.45
31-07-2010,6.45
02-08-2010,6.45
03-08-2010,6.45
04-08-2010,6.45
05-08-2010,6.45
06-08-2010,6.47
07-08-2010,6.47
10-08-2010,6.47
11-08-2010,6.47
12-08-2010,6.47
13-08-2010,6.46
14-08-2010,6.46
16-08-2010,6.46
17-08-2010,6.46
18-08-2010,6.46
19-08-2010,6.46
20-08-2010,6.4
21-08-2010,6.4
23-08-2010,6.4
24-08-2010,6.4
25-08-2010,6.4
26-08-2010,6.4
27-08-2010,6.27
28-08-2010,6.27
30-08-2010,6.27
31-08-2010,6.27
01-09-2010,6.27
02-09-2010,6.27
03-09-2010,6.21
04-09-2010,6.21
06-09-2010,6.21
07-09-2010,6.21
08-09-2010,6.21
09-09-2010,6.21
10-09-2010,5.98
11-09-2010,5.98
13-09-2010,5.98
14-09-2010,5.98
15-09-2010,5.98
16-09-2010,5.98
17-09-2010,6.04
18-09-2010,6.04
20-09-2010,6.04
21-09-2010,6.04
22-09-2010,6.04
23-09-2010,6.03
25-09-2010,6.03
27-09-2010,6.03
28-09-2010,6.03
29-09-2010,6.03
30-09-2010,6.03
01-10-2010,6.04
02-10-2010,6.04
04-10-2010,6.04
05-10-2010,6.04
06-10-2010,6.04
07-10-2010,6.04
08-10-2010,6.03
09-10-2010,6.03
11-10-2010,6.03
12-10-2010,6.03
13-10-2010,6.03
14-10-2010,6.03
15-10-2010,5.94
16-10-2010,5.94
18-10-2010,5.94
19-10-2010,5.94
20-10-2010,5.94
21-10-2010,5.94
22-10-2010,5.94
23-10-2010,5.94
25-10-2010,5.94
26-10-2010,5.94
27-10-2010,5.94
28-10-2010,5.94
29-10-2010,5.8
30-10-2010,5.8
01-11-2010,5.8
02-11-2010,5.8
03-11-2010,5.8
04-11-2010,5.8
05-11-2010,5.74
06-11-2010,5.74
08-11-2010,5.74
09-11-2010,5.74
10-11-2010,5.74
11-11-2010,5.74
12-11-2010,5.7
13-11-2010,5.7
15-11-2010,5.7
16-11-2010,5.7
17-11-2010,5.7
18-11-2010,5.7
19-11-2010,5.48
20-11-2010,5.48
22-11-2010,5.48
23-11-2010,5.48
24-11-2010,5.48
25-11-2010,5.48
26-11-2010,5.52
27-11-2010,5.52
29-11-2010,5.52
30-11-2010,5.52
01-12-2010,5.52
02-12-2010,5.52
03-12-2010,5.59
04-12-2010,5.59
06-12-2010,5.59
07-12-2010,5.59
08-12-2010,5.59
09-12-2010,5.59
10-12-2010,5.59
11-12-2010,5.59
13-12-2010,5.59
14-12-2010,5.59
15-12-2010,5.59
17-12-2010,5.59
18-12-2010,5.59
20-12-2010,5.59
21-12-2010,5.59
22-12-2010,5.59
23-12-2010,5.59
24-12-2010,5.6
28-12-2010,5.6
29-12-2010,5.6
30-12-2010,5.6
31-12-2010,5.6
01-01-2011,5.6
03-01-2011,5.6
04-01-2011,5.6
05-01-2011,5.6
06-01-2011,5.6
07-01-2011,5.57
08-01-2011,5.57
10-01-2011,5.57
11-01-2011,5.57
12-01-2011,5.57
13-01-2011,5.57
14-01-2011,5.51
15-01-2011,5.51
17-01-2011,5.51
18-01-2011,5.51
19-01-2011,5.51
20-01-2011,5.51
21-01-2011,5.51
22-01-2011,5.51
24-01-2011,5.51
25-01-2011,5.51
26-01-2011,5.51
27-01-2011,5.51
28-01-2011,5.52
29-01-2011,5.52
31-01-2011,5.52
01-02-2011,5.52
02-02-2011,5.52
03-02-2011,5.52
04-02-2011,5.55
05-02-2011,5.55
07-02-2011,5.55
08-02-2011,5.55
09-02-2011,5.55
10-02-2011,5.55
11-02-2011,5.54
12-02-2011,5.54
14-02-2011,5.54
15-02-2011,5.54
16-02-2011,5.54
17-02-2011,5.54
18-02-2011,5.52
19-02-2011,5.52
21-02-2011,5.52
22-02-2011,5.52
23-02-2011,5.52
24-02-2011,5.52
25-02-2011,5.52
26-02-2011,5.52
28-02-2011,5.52
01-03-2011,5.52
02-03-2011,5.52
03-03-2011,5.52
04-03-2011,5.52
05-03-2011,5.52
07-03-2011,5.52
08-03-2011,5.52
09-03-2011,5.52
10-03-2011,5.52
11-03-2011,5.51
12-03-2011,5.51
14-03-2011,5.51
15-03-2011,5.51
16-03-2011,5.51
17-03-2011,5.51
18-03-2011,5.48
19-03-2011,5.48
22-03-2011,5.48
23-03-2011,5.48
24-03-2011,5.48
25-03-2011,5.47
26-03-2011,5.47
28-03-2011,5.47
29-03-2011,5.47
30-03-2011,5.47
31-03-2011,5.47
01-04-2011,5.47
02-04-2011,5.47
04-04-2011,5.47
05-04-2011,5.47
06-04-2011,5.47
07-04-2011,5.47
08-04-2011,5.47
09-04-2011,5.47
11-04-2011,5.47
12-04-2011,5.47
13-04-2011,5.47
14-04-2011,5.47
15-04-2011,5.46
16-04-2011,5.46
18-04-2011,5.46
19-04-2011,5.46
20-04-2011,5.46
21-04-2011,5.46
23-04-2011,5.46
26-04-2011,5.46
28-04-2011,5.46
29-04-2011,5.45
30-04-2011,5.45
03-05-2011,5.45
04-05-2011,5.45
05-05-2011,5.45
06-05-2011,5.45
07-05-2011,5.45
09-05-2011,5.45
10-05-2011,5.45
11-05-2011,5.45
12-05-2011,5.45
13-05-2011,5.46
14-05-2011,5.46
16-05-2011,5.46
17-05-2011,5.46
19-05-2011,5.46
20-05-2011,5.44
21-05-2011,5.44
23-05-2011,5.44
24-05-2011,5.44
25-05-2011,5.44
26-05-2011,5.44
27-05-2011,5.46
28-05-2011,5.46
30-05-2011,5.46
31-05-2011,5.46
01-06-2011,5.46
02-06-2011,5.46
03-06-2011,5.46
04-06-2011,5.46
06-06-2011,5.46
07-06-2011,5.46
08-06-2011,5.46
09-06-2011,5.46
10-06-2011,5.46
11-06-2011,5.46
13-06-2011,5.46
14-06-2011,5.46
15-06-2011,5.46
17-06-2011,5.47
18-06-2011,5.47
20-06-2011,5.47
21-06-2011,5.47
22-06-2011,5.47
23-06-2011,5.47
24-06-2011,5.47
25-06-2011,5.47
27-06-2011,5.47
28-06-2011,5.47
29-06-2011,5.47
30-06-2011,5.47
01-07-2011,5.48
02-07-2011,5.48
04-07-2011,5.48
05-07-2011,5.48
06-07-2011,5.48
07-07-2011,5.48
08-07-2011,5.49
09-07-2011,5.49
11-07-2011,5.49
12-07-2011,5.49
13-07-2011,5.49
14-07-2011,5.49
15-07-2011,5.49
16-07-2011,5.49
18-07-2011,5.49
19-07-2011,5.49
20-07-2011,5.49
21-07-2011,5.49
22-07-2011,5.49
23-07-2011,5.49
25-07-2011,5.49
26-07-2011,5.49
27-07-2011,5.49
28-07-2011,5.49
29-07-2011,5.49
30-07-2011,5.49
01-08-2011,5.49
02-08-2011,5.49
03-08-2011,5.49
04-08-2011,5.49
05-08-2011,5.49
06-08-2011,5.49
08-08-2011,5.49
10-08-2011,5.49
11-08-2011,5.49
12-08-2011,5.49
13-08-2011,5.49
15-08-2011,5.49
16-08-2011,5.49
17-08-2011,5.49
18-08-2011,5.49
19-08-2011,5.49
20-08-2011,5.49
22-08-2011,5.49
23-08-2011,5.49
24-08-2011,5.49
25-08-2011,5.49
26-08-2011,5.49
27-08-2011,5.49
29-08-2011,5.49
30-08-2011,5.49
31-08-2011,5.49
01-09-2011,5.49
02-09-2011,5.49
03-09-2011,5.49
05-09-2011,5.49
06-09-2011,5.49
07-09-2011,5.49
08-09-2011,5.49
09-09-2011,5.49
10-09-2011,5.49
12-09-2011,5.49
13-09-2011,5.49
14-09-2011,5.49
15-09-2011,5.49
16-09-2011,5.49
17-09-2011,5.49
19-09-2011,5.49
20-09-2011,5.49
21-09-2011,5.49
22-09-2011,5.49
23-09-2011,5.49
24-09-2011,5.49
26-09-2011,5.49
27-09-2011,5.49
28-09-2011,5.49
29-09-2011,5.49
30-09-2011,5.49
01-10-2011,5.49
03-10-2011,5.49
04-10-2011,5.49
05-10-2011,5.49
06-10-2011,5.49
07-10-2011,5.49
08-10-2011,5.49
10-10-2011,5.49
11-10-2011,5.49
12-10-2011,5.49
13-10-2011,5.49
14-10-2011,5.49
15-10-2011,5.49
17-10-2011,5.49
18-10-2011,5.49
19-10-2011,5.49
20-10-2011,5.49
21-10-2011,5.49
22-10-2011,5.49
24-10-2011,5.49
25-10-2011,5.49
26-10-2011,5.49
27-10-2011,5.49
28-10-2011,5.49
29-10-2011,5.49
31-10-2011,5.49
01-11-2011,5.49
02-11-2011,5.49
03-11-2011,5.49
04-11-2011,5.49
05-11-2011,5.49
07-11-2011,5.49
08-11-2011,5.49
09-11-2011,5.49
10-11-2011,5.49
11-11-2011,5.49
12-11-2011,5.49
14-11-2011,5.49
15-11-2011,5.49
16-11-2011,5.49
17-11-2011,5.49
18-11-2011,5.49
19-11-2011,5.49
21-11-2011,5.49
22-11-2011,5.49
23-11-2011,5.49
24-11-2011,5.49
25-11-2011,5.49
26-11-2011,5.49
28-11-2011,5.49
29-11-2011,5.49
30-11-2011,5.49
01-12-2011,5.49
02-12-2011,5.49
03-12-2011,5.49
05-12-2011,5.49
06-12-2011,5.49
07-12-2011,5.41
08-12-2011,5.41
09-12-2011,5.44
10-12-2011,5.44
12-12-2011,5.44
13-12-2011,5.44
14-12-2011,5.44
15-12-2011,5.44
17-12-2011,5.43
19-12-2011,5.43
20-12-2011,5.43
21-12-2011,5.43
22-12-2011,5.43
23-12-2011,5.46
24-12-2011,5.46
28-12-2011,5.46
29-12-2011,5.46
30-12-2011,5.47
31-12-2011,5.47
03-01-2012,5.47
04-01-2012,5.47
05-01-2012,5.47
06-01-2012,5.47
07-01-2012,5.47
09-01-2012,5.47
10-01-2012,5.47
11-01-2012,5.47
12-01-2012,5.47
13-01-2012,5.47
14-01-2012,5.47
16-01-2012,5.47
17-01-2012,5.47
18-01-2012,5.47
19-01-2012,5.47
20-01-2012,5.47
21-01-2012,5.47
23-01-2012,5.47
24-01-2012,5.47
25-01-2012,5.47
26-01-2012,5.47
27-01-2012,5.47
28-01-2012,5.47
30-01-2012,5.47
31-01-2012,5.47
01-02-2012,5.47
02-02-2012,5.47
03-02-2012,5.49
04-02-2012,5.49
06-02-2012,5.49
07-02-2012,5.49
08-02-2012,5.49
09-02-2012,5.49
10-02-2012,5.5
11-02-2012,5.5
13-02-2012,5.5
14-02-2012,5.5
15-02-2012,5.5
16-02-2012,5.5
17-02-2012,5.51
18-02-2012,5.51
20-02-2012,5.51
21-02-2012,5.51
22-02-2012,5.51
23-02-2012,5.51
24-02-2012,5.53
25-02-2012,5.53
27-02-2012,5.53
28-02-2012,5.53
29-02-2012,5.53
01-03-2012,5.53
02-03-2012,5.53
03-03-2012,5.53
05-03-2012,5.53
06-03-2012,5.53
07-03-2012,5.53
08-03-2012,5.53
09-03-2012,5.53
10-03-2012,5.53
12-03-2012,5.53
13-03-2012,5.53
14-03-2012,5.53
15-03-2012,5.53
16-03-2012,5.55
17-03-2012,5.55
19-03-2012,5.55
20-03-2012,5.55
22-03-2012,5.55
23-03-2012,5.56
24-03-2012,5.56
26-03-2012,5.56
27-03-2012,5.56
28-03-2012,5.56
29-03-2012,5.56
30-03-2012,5.57
31-03-2012,5.57
02-04-2012,5.57
03-04-2012,5.57
04-04-2012,5.57
05-04-2012,5.57
07-04-2012,5.57
10-04-2012,5.57
11-04-2012,5.57
12-04-2012,5.57
13-04-2012,5.56
14-04-2012,5.56
16-04-2012,5.56
17-04-2012,5.56
18-04-2012,5.56
19-04-2012,5.56
20-04-2012,5.56
21-04-2012,5.56
23-04-2012,5.56
24-04-2012,5.56
25-04-2012,5.56
26-04-2012,5.57
28-04-2012,5.57
30-04-2012,5.57
02-05-2012,5.57
03-05-2012,5.57
04-05-2012,5.57
05-05-2012,5.57
07-05-2012,5.57
08-05-2012,5.57
09-05-2012,5.57
10-05-2012,5.57
11-05-2012,5.56
12-05-2012,5.56
14-05-2012,5.56
15-05-2012,5.56
16-05-2012,5.56
17-05-2012,5.56
18-05-2012,5.55
19-05-2012,5.55
21-05-2012,5.55
22-05-2012,5.55
23-05-2012,5.55
24-05-2012,5.55
25-05-2012,5.57
26-05-2012,5.57
28-05-2012,5.57
29-05-2012,5.57
30-05-2012,5.57
31-05-2012,5.57
01-06-2012,5.57
02-06-2012,5.57
04-06-2012,5.57
05-06-2012,5.57
06-06-2012,5.57
07-06-2012,5.57
08-06-2012,5.58
09-06-2012,5.58
11-06-2012,5.58
12-06-2012,5.58
13-06-2012,5.58
14-06-2012,5.58
15-06-2012,5.57
16-06-2012,5.57
18-06-2012,5.57
19-06-2012,5.57
20-06-2012,5.57
21-06-2012,5.57
22-06-2012,5.59
23-06-2012,5.59
25-06-2012,5.59
26-06-2012,5.59
27-06-2012,5.59
28-06-2012,5.59
29-06-2012,5.59
30-06-2012,5.59
02-07-2012,5.59
03-07-2012,5.59
04-07-2012,5.59
05-07-2012,5.59
06-07-2012,5.58
07-07-2012,5.58
09-07-2012,5.58
10-07-2012,5.58
11-07-2012,5.58
12-07-2012,5.58
13-07-2012,5.54
14-07-2012,5.54
16-07-2012,5.54
17-07-2012,5.54
18-07-2012,5.54
19-07-2012,5.54
20-07-2012,5.05
21-07-2012,5.05
23-07-2012,5.05
24-07-2012,5.05
25-07-2012,5.05
26-07-2012,5.05
27-07-2012,5.08
28-07-2012,5.08
30-07-2012,5.08
31-07-2012,5.08
01-08-2012,5.08
02-08-2012,5.08
03-08-2012,5.08
04-08-2012,5.08
06-08-2012,5.08
07-08-2012,5.08
08-08-2012,5.08
10-08-2012,5.07
11-08-2012,5.07
13-08-2012,5.07
14-08-2012,5.07
15-08-2012,5.07
16-08-2012,5.07
17-08-2012,5.05
18-08-2012,5.05
20-08-2012,5.05
21-08-2012,5.05
22-08-2012,5.05
23-08-2012,5.05
24-08-2012,5.02
25-08-2012,5.02
27-08-2012,5.02
28-08-2012,5.02
29-08-2012,5.02
30-08-2012,5.02
31-08-2012,4.99
01-09-2012,4.99
03-09-2012,4.99
04-09-2012,4.99
05-09-2012,4.99
06-09-2012,4.99
07-09-2012,4.95
08-09-2012,4.95
10-09-2012,4.95
11-09-2012,4.95
12-09-2012,4.95
13-09-2012,4.95
14-09-2012,4.93
15-09-2012,4.93
17-09-2012,4.93
18-09-2012,4.93
19-09-2012,4.93
20-09-2012,4.93
21-09-2012,4.9
22-09-2012,4.9
25-09-2012,4.9
26-09-2012,4.9
27-09-2012,4.9
28-09-2012,4.92
29-09-2012,4.92
01-10-2012,4.92
02-10-2012,4.92
03-10-2012,4.92
04-10-2012,4.92
05-10-2012,4.94
06-10-2012,4.94
08-10-2012,4.94
09-10-2012,4.94
10-10-2012,4.94
11-10-2012,4.94
12-10-2012,4.95
13-10-2012,4.95
15-10-2012,4.95
16-10-2012,4.95
17-10-2012,4.95
18-10-2012,4.95
19-10-2012,4.94
20-10-2012,4.94
22-10-2012,4.94
23-10-2012,4.94
24-10-2012,4.94
25-10-2012,4.94
26-10-2012,4.94
27-10-2012,4.94
29-10-2012,4.94
30-10-2012,4.94
31-10-2012,4.94
01-11-2012,4.94
02-11-2012,4.94
03-11-2012,4.94
05-11-2012,4.94
06-11-2012,4.94
07-11-2012,4.94
08-11-2012,4.94
09-11-2012,4.93
10-11-2012,4.93
12-11-2012,4.93
13-11-2012,4.93
14-11-2012,4.93
15-11-2012,4.93
16-11-2012,4.92
17-11-2012,4.92
19-11-2012,4.92
20-11-2012,4.92
21-11-2012,4.92
22-11-2012,4.92
23-11-2012,4.93
24-11-2012,4.93
26-11-2012,4.93
27-11-2012,4.93
28-11-2012,4.93
29-11-2012,4.93
30-11-2012,4.93
01-12-2012,4.93
03-12-2012,4.93
04-12-2012,4.93
05-12-2012,4.93
06-12-2012,4.93
07-12-2012,4.95
08-12-2012,4.95
10-12-2012,4.95
11-12-2012,4.95
12-12-2012,4.95
13-12-2012,4.95
14-12-2012,4.99
15-12-2012,4.99
18-12-2012,4.99
19-12-2012,4.99
20-12-2012,4.99
21-12-2012,5.04
22-12-2012,5.04
24-12-2012,5.04
27-12-2012,5.04
28-12-2012,5.07
29-12-2012,5.07
31-12-2012,5.07
02-01-2013,5.07
03-01-2013,5.07
04-01-2013,5.08
05-01-2013,5.08
07-01-2013,5.08
08-01-2013,5.08
09-01-2013,5.08
10-01-2013,5.08
11-01-2013,5.06
12-01-2013,5.06
14-01-2013,5.06
15-01-2013,5.06
16-01-2013,5.06
17-01-2013,5.06
18-01-2013,5.04
19-01-2013,5.04
21-01-2013,5.04
22-01-2013,5.04
23-01-2013,5.04
24-01-2013,5.04
25-01-2013,5.04
26-01-2013,5.04
28-01-2013,5.04
29-01-2013,5.04
30-01-2013,5.04
31-01-2013,5.04
01-02-2013,5.04
02-02-2013,5.04
04-02-2013,5.04
05-02-2013,5.04
06-02-2013,5.04
07-02-2013,5.04
08-02-2013,5.04
09-02-2013,5.04
11-02-2013,5.04
12-02-2013,5.04
13-02-2013,5.04
14-02-2013,5.04
15-02-2013,5.04
16-02-2013,5.04
18-02-2013,5.04
19-02-2013,5.04
20-02-2013,5.04
21-02-2013,5.04
22-02-2013,5.04
23-02-2013,5.04
25-02-2013,5.04
26-02-2013,5.04
27-02-2013,5.04
28-02-2013,5.04
01-03-2013,5.03
02-03-2013,5.03
04-03-2013,5.03
05-03-2013,5.03
06-03-2013,5.03
07-03-2013,5.03
08-03-2013,5.03
09-03-2013,5.03
11-03-2013,5.03
12-03-2013,5.03
13-03-2013,5.03
14-03-2013,5.03
15-03-2013,5.03
16-03-2013,5.03
18-03-2013,5.03
19-03-2013,5.03
20-03-2013,5.03
22-03-2013,5.08
23-03-2013,5.08
25-03-2013,5.08
26-03-2013,5.08
27-03-2013,5.08
28-03-2013,5.08
30-03-2013,5.1
02-04-2013,5.1
03-04-2013,5.1
04-04-2013,5.1
05-04-2013,5.13
06-04-2013,5.13
08-04-2013,5.13
09-04-2013,5.13
10-04-2013,5.13
11-04-2013,5.13
12-04-2013,5.13
13-04-2013,5.13
15-04-2013,5.13
16-04-2013,5.13
17-04-2013,5.13
18-04-2013,5.13
19-04-2013,5.11
22-04-2013,5.11
23-04-2013,5.11
24-04-2013,5.11
25-04-2013,5.11
26-04-2013,5.1
29-04-2013,5.1
30-04-2013,5.1
02-05-2013,5.1
03-05-2013,5.07
04-05-2013,5.07
06-05-2013,5.07
07-05-2013,5.07
08-05-2013,5.07
09-05-2013,5.07
10-05-2013,5.02
11-05-2013,5.02
13-05-2013,5.02
14-05-2013,5.02
15-05-2013,5.02
16-05-2013,5.02
17-05-2013,4.98
18-05-2013,4.98
20-05-2013,4.98
21-05-2013,4.98
22-05-2013,4.98
23-05-2013,4.98
24-05-2013,5.05
25-05-2013,5.05
27-05-2013,5.05
28-05-2013,5.05
29-05-2013,5.05
30-05-2013,5.05
31-05-2013,5.07
01-06-2013,5.07
03-06-2013,5.07
04-06-2013,5.07
05-06-2013,5.07
06-06-2013,5.07
07-06-2013,5.1
08-06-2013,5.1
10-06-2013,5.1
11-06-2013,5.1
12-06-2013,5.1
13-06-2013,5.1
14-06-2013,5.14
15-06-2013,5.14
18-06-2013,5.14
19-06-2013,5.14
20-06-2013,5.14
21-06-2013,5.16
22-06-2013,5.16
24-06-2013,5.16
25-06-2013,5.16
26-06-2013,5.16
27-06-2013,5.16
28-06-2013,5.15
29-06-2013,5.15
01-07-2013,5.15
02-07-2013,5.15
03-07-2013,5.15
04-07-2013,5.15
05-07-2013,5.14
06-07-2013,5.14
08-07-2013,5.14
09-07-2013,5.14
10-07-2013,5.14
11-07-2013,5.14
12-07-2013,5.12
13-07-2013,5.12
15-07-2013,5.12
16-07-2013,5.12
17-07-2013,5.12
18-07-2013,5.12
19-07-2013,5.12
20-07-2013,5.12
22-07-2013,5.12
23-07-2013,5.12
24-07-2013,5.12
25-07-2013,5.12
26-07-2013,5.09
27-07-2013,5.09
29-07-2013,5.09
30-07-2013,5.09
31-07-2013,5.09
01-08-2013,5.09
02-08-2013,5.09
03-08-2013,5.09
05-08-2013,5.09
06-08-2013,5.09
07-08-2013,5.09
08-08-2013,5.09
12-08-2013,5.09
13-08-2013,5.09
14-08-2013,5.09
15-08-2013,5.09
16-08-2013,5.1
17-08-2013,5.1
19-08-2013,5.1
20-08-2013,5.1
21-08-2013,5.1
22-08-2013,5.1
23-08-2013,5.09
24-08-2013,5.09
26-08-2013,5.09
27-08-2013,5.09
28-08-2013,5.09
29-08-2013,5.09
30-08-2013,5.08
31-08-2013,5.08
02-09-2013,5.08
03-09-2013,5.08
04-09-2013,5.08
05-09-2013,5.08
06-09-2013,5.06
07-09-2013,5.06
09-09-2013,5.06
10-09-2013,5.06
11-09-2013,5.06
12-09-2013,5.06
13-09-2013,5.06
14-09-2013,5.06
16-09-2013,5.06
17-09-2013,5.06
18-09-2013,5.06
19-09-2013,5.06
20-09-2013,5.05
21-09-2013,5.05
23-09-2013,5.05
25-09-2013,5.05
26-09-2013,5.05
27-09-2013,5.04
28-09-2013,5.04
30-09-2013,5.04
01-10-2013,5.04
02-10-2013,5.04
03-10-2013,5.04
04-10-2013,5.02
05-10-2013,5.02
07-10-2013,5.02
08-10-2013,5.02
09-10-2013,5.02
10-10-2013,5.02
11-10-2013,5.02
12-10-2013,5.03
14-10-2013,5.03
15-10-2013,5.03
16-10-2013,5.03
17-10-2013,5.03
18-10-2013,5.05
19-10-2013,5.05
21-10-2013,5.05
22-10-2013,5.05
23-10-2013,5.05
24-10-2013,5.05
25-10-2013,5.05
26-10-2013,5.05
28-10-2013,5.05
29-10-2013,5.05
30-10-2013,5.05
31-10-2013,5.05
01-11-2013,5.07
02-11-2013,5.07
04-11-2013,5.07
05-11-2013,5.07
06-11-2013,5.07
07-11-2013,5.07
08-11-2013,5.03
09-11-2013,5.03
11-11-2013,5.03
12-11-2013,5.03
13-11-2013,5.03
14-11-2013,5.03
15-11-2013,5.06
16-11-2013,5.06
18-11-2013,5.06
19-11-2013,5.06
20-11-2013,5.06
21-11-2013,5.06
22-11-2013,5.12
23-11-2013,5.12
25-11-2013,5.12
26-11-2013,5.12
27-11-2013,5.12
28-11-2013,5.12
29-11-2013,5.13
30-11-2013,5.13
02-12-2013,5.13
03-12-2013,5.13
04-12-2013,5.13
05-12-2013,5.13
06-12-2013,5.08
07-12-2013,5.08
09-12-2013,5.08
10-12-2013,5.08
11-12-2013,5.08
12-12-2013,5.08
13-12-2013,5.1
14-12-2013,5.1
17-12-2013,5.1
18-12-2013,5.1
19-12-2013,5.1
20-12-2013,5.18
21-12-2013,5.18
23-12-2013,5.18
24-12-2013,5.18
27-12-2013,5.24
28-12-2013,5.24
30-12-2013,5.24
31-12-2013,5.24
02-01-2014,5.24
03-01-2014,5.25
04-01-2014,5.25
06-01-2014,5.25
07-01-2014,5.25
08-01-2014,5.25
09-01-2014,5.25
10-01-2014,5.24
11-01-2014,5.24
13-01-2014,5.24
14-01-2014,5.24
15-01-2014,5.24
16-01-2014,5.24
17-01-2014,5.16
20-01-2014,5.16
21-01-2014,5.16
22-01-2014,5.16
23-01-2014,5.16
24-01-2014,5.18
25-01-2014,5.18
27-01-2014,5.18
28-01-2014,5.18
29-01-2014,5.18
30-01-2014,5.18
31-01-2014,5.59
01-02-2014,5.59
03-02-2014,5.59
04-02-2014,5.59
05-02-2014,5.59
06-02-2014,5.59
07-02-2014,5.54
08-02-2014,5.54
10-02-2014,5.54
11-02-2014,5.54
12-02-2014,5.54
13-02-2014,5.54
14-02-2014,5.5
15-02-2014,5.5
17-02-2014,5.5
18-02-2014,5.5
19-02-2014,5.5
20-02-2014,5.5
21-02-2014,5.59
22-02-2014,5.59
24-02-2014,5.59
25-02-2014,5.59
26-02-2014,5.59
27-02-2014,5.59
28-02-2014,5.76
01-03-2014,5.76
03-03-2014,5.76
04-03-2014,5.76
05-03-2014,5.76
06-03-2014,5.76
07-03-2014,5.75
08-03-2014,5.75
10-03-2014,5.75
11-03-2014,5.75
12-03-2014,5.75
13-03-2014,5.75
14-03-2014,5.7
15-03-2014,5.7
17-03-2014,5.7
18-03-2014,5.7
19-03-2014,5.7
20-03-2014,5.73
22-03-2014,5.73
24-03-2014,5.73
25-03-2014,5.73
26-03-2014,5.73
27-03-2014,5.73
28-03-2014,5.66
29-03-2014,5.66
31-03-2014,5.66
01-04-2014,5.66
02-04-2014,5.66
03-04-2014,5.66
04-04-2014,5.71
05-04-2014,5.71
07-04-2014,5.71
08-04-2014,5.71
09-04-2014,5.71
10-04-2014,5.71
11-04-2014,5.75
12-04-2014,5.75
14-04-2014,5.75
15-04-2014,5.75
16-04-2014,5.75
17-04-2014,5.76
22-04-2014,5.76
23-04-2014,5.76
24-04-2014,5.76
25-04-2014,5.77
26-04-2014,5.77
29-04-2014,5.77
30-04-2014,5.77
02-05-2014,5.78
03-05-2014,5.78
05-05-2014,5.78
06-05-2014,5.78
08-05-2014,5.78
09-05-2014,5.77
10-05-2014,5.77
12-05-2014,5.77
13-05-2014,5.77
14-05-2014,5.77
15-05-2014,5.77
16-05-2014,5.71
17-05-2014,5.71
19-05-2014,5.71
20-05-2014,5.71
21-05-2014,5.71
22-05-2014,5.71
23-05-2014,5.7
24-05-2014,5.7
26-05-2014,5.7
27-05-2014,5.7
28-05-2014,5.7
29-05-2014,5.7
30-05-2014,5.7
31-05-2014,5.7
02-06-2014,5.7
03-06-2014,5.7
04-06-2014,5.7
05-06-2014,5.7
06-06-2014,5.71
07-06-2014,5.71
09-06-2014,5.71
10-06-2014,5.71
11-06-2014,5.71
12-06-2014,5.71
13-06-2014,5.78
14-06-2014,5.78
17-06-2014,5.78
18-06-2014,5.78
19-06-2014,5.78
20-06-2014,5.86
21-06-2014,5.86
23-06-2014,5.86
24-06-2014,5.86
25-06-2014,5.86
26-06-2014,5.86
27-06-2014,5.97
28-06-2014,5.97
30-06-2014,5.97
01-07-2014,5.97
02-07-2014,5.97
03-07-2014,5.97
04-07-2014,6.03
05-07-2014,6.03
07-07-2014,6.03
08-07-2014,6.03
09-07-2014,6.03
10-07-2014,6.03
11-07-2014,6.05
12-07-2014,6.05
14-07-2014,6.05
15-07-2014,6.05
16-07-2014,6.05
17-07-2014,6.05
18-07-2014,6.05
19-07-2014,6.05
21-07-2014,6.05
22-07-2014,6.05
23-07-2014,6.05
24-07-2014,6.05
25-07-2014,6.02
26-07-2014,6.02
28-07-2014,6.02
29-07-2014,6.02
30-07-2014,6.02
31-07-2014,6.02
01-08-2014,6
04-08-2014,6
05-08-2014,6
06-08-2014,6
07-08-2014,6
08-08-2014,5.98
09-08-2014,5.98
11-08-2014,5.98
12-08-2014,5.98
13-08-2014,5.98
14-08-2014,5.98
15-08-2014,6.02
16-08-2014,6.02
18-08-2014,6.02
19-08-2014,6.02
20-08-2014,6.02
21-08-2014,6.02
22-08-2014,6.02
23-08-2014,6.02
25-08-2014,6.02
26-08-2014,6.02
27-08-2014,6.02
28-08-2014,6.02
29-08-2014,6.01
30-08-2014,6.01
01-09-2014,6.01
02-09-2014,6.01
03-09-2014,6.01
04-09-2014,6.01
05-09-2014,6.01
06-09-2014,6.01
08-09-2014,6.01
09-09-2014,6.01
10-09-2014,6.01
11-09-2014,6.01
12-09-2014,6.01
13-09-2014,6.01
15-09-2014,6.01
16-09-2014,6.01
17-09-2014,6.01
18-09-2014,6.01
19-09-2014,5.99
20-09-2014,5.99
22-09-2014,5.99
23-09-2014,5.99
25-09-2014,5.99
26-09-2014,5.97
27-09-2014,5.97
29-09-2014,5.97
30-09-2014,5.97
01-10-2014,5.97
02-10-2014,5.97
03-10-2014,5.96
04-10-2014,5.96
06-10-2014,5.96
07-10-2014,5.96
08-10-2014,5.96
09-10-2014,5.96
10-10-2014,5.93
11-10-2014,5.93
13-10-2014,5.93
14-10-2014,5.93
15-10-2014,5.93
16-10-2014,5.93
17-10-2014,5.87
18-10-2014,5.87
20-10-2014,5.87
21-10-2014,5.87
22-10-2014,5.87
23-10-2014,5.87
24-10-2014,5.82
25-10-2014,5.82
27-10-2014,5.82
28-10-2014,5.82
29-10-2014,5.82
30-10-2014,5.82
31-10-2014,5.78
01-11-2014,5.78
03-11-2014,5.78
04-11-2014,5.78
05-11-2014,5.78
06-11-2014,5.78
07-11-2014,5.75
08-11-2014,5.75
10-11-2014,5.75
11-11-2014,5.75
12-11-2014,5.75
13-11-2014,5.75
14-11-2014,5.85
17-11-2014,5.85
18-11-2014,5.85
19-11-2014,5.85
20-11-2014,5.85
21-11-2014,5.91
22-11-2014,5.91
24-11-2014,5.91
25-11-2014,5.91
26-11-2014,5.91
27-11-2014,5.91
28-11-2014,5.96
01-12-2014,5.96
02-12-2014,5.96
03-12-2014,5.96
04-12-2014,5.96
05-12-2014,6
06-12-2014,6
08-12-2014,6
09-12-2014,6
10-12-2014,6
11-12-2014,6
12-12-2014,6.03
13-12-2014,6.03
15-12-2014,6.03
17-12-2014,6.03
18-12-2014,6.03
19-12-2014,6.09
20-12-2014,6.09
22-12-2014,6.09
23-12-2014,6.09
24-12-2014,6.09
26-12-2014,6.12
27-12-2014,6.12
29-12-2014,6.12
30-12-2014,6.12
31-12-2014,6.12
02-01-2015,6.13
05-01-2015,6.13
06-01-2015,6.13
07-01-2015,6.13
08-01-2015,6.13
09-01-2015,6.04
12-01-2015,6.04
13-01-2015,6.04
14-01-2015,6.04
15-01-2015,6.04
16-01-2015,5.97
19-01-2015,5.97
20-01-2015,5.97
21-01-2015,5.97
22-01-2015,5.97
23-01-2015,5.91
26-01-2015,5.91
27-01-2015,5.91
28-01-2015,5.91
29-01-2015,5.91
30-01-2015,5.91
02-02-2015,5.91
03-02-2015,5.91
04-02-2015,5.91
05-02-2015,5.91
06-02-2015,5.89
09-02-2015,5.89
10-02-2015,5.89
11-02-2015,5.89
12-02-2015,5.89
13-02-2015,5.9
16-02-2015,5.9
17-02-2015,5.9
18-02-2015,5.9
19-02-2015,5.9
20-02-2015,5.86
23-02-2015,5.86
24-02-2015,5.86
25-02-2015,5.86
26-02-2015,5.86
27-02-2015,5.84
28-02-2015,5.84
02-03-2015,5.84
03-03-2015,5.84
04-03-2015,5.84
05-03-2015,5.84
06-03-2015,5.81
07-03-2015,5.81
09-03-2015,5.81
10-03-2015,5.81
11-03-2015,5.81
12-03-2015,5.81
13-03-2015,5.79
14-03-2015,5.79
16-03-2015,5.79
17-03-2015,5.79
18-03-2015,5.79
19-03-2015,5.79
20-03-2015,5.77
21-03-2015,5.77
23-03-2015,5.77
24-03-2015,5.77
25-03-2015,5.77
26-03-2015,5.77
27-03-2015,5.78
28-03-2015,5.78
30-03-2015,5.78
31-03-2015,5.78
01-04-2015,5.78
02-04-2015,5.81
07-04-2015,5.81
08-04-2015,5.81
09-04-2015,5.81
10-04-2015,5.8
13-04-2015,5.8
14-04-2015,5.8
15-04-2015,5.8
16-04-2015,5.8
17-04-2015,5.8
18-04-2015,5.8
20-04-2015,5.8
21-04-2015,5.8
22-04-2015,5.8
23-04-2015,5.8
24-04-2015,5.77
25-04-2015,5.77
28-04-2015,5.77
29-04-2015,5.77
30-04-2015,5.78
04-05-2015,5.78
05-05-2015,5.78
06-05-2015,5.78
07-05-2015,5.78
08-05-2015,5.77
11-05-2015,5.77
12-05-2015,5.77
13-05-2015,5.77
14-05-2015,5.77
15-05-2015,5.7
16-05-2015,5.7
18-05-2015,5.7
19-05-2015,5.7
20-05-2015,5.7
21-05-2015,5.7
22-05-2015,5.68
23-05-2015,5.68
25-05-2015,5.68
26-05-2015,5.68
27-05-2015,5.68
28-05-2015,5.68
29-05-2015,5.69
30-05-2015,5.69
01-06-2015,5.69
02-06-2015,5.69
03-06-2015,5.69
04-06-2015,5.69
05-06-2015,5.7
06-06-2015,5.7
08-06-2015,5.7
09-06-2015,5.7
10-06-2015,5.7
11-06-2015,5.7
12-06-2015,5.71
13-06-2015,5.71
15-06-2015,5.71
17-06-2015,5.71
18-06-2015,5.71
19-06-2015,5.72
20-06-2015,5.72
22-06-2015,5.72
23-06-2015,5.72
24-06-2015,5.72
25-06-2015,5.72
26-06-2015,6.06
27-06-2015,6.06
29-06-2015,6.06
30-06-2015,6.06
01-07-2015,6.06
02-07-2015,6.06
03-07-2015,6.04
06-07-2015,6.04
07-07-2015,6.04
08-07-2015,6.04
09-07-2015,6.04
10-07-2015,6.06
11-07-2015,6.06
13-07-2015,6.06
14-07-2015,6.06
15-07-2015,6.06
16-07-2015,6.06
17-07-2015,5.97
18-07-2015,5.97
20-07-2015,5.97
21-07-2015,5.97
22-07-2015,5.97
23-07-2015,5.97
24-07-2015,6.04
25-07-2015,6.04
27-07-2015,6.04
28-07-2015,6.04
29-07-2015,6.04
30-07-2015,6.04
31-07-2015,6.16
01-08-2015,6.16
03-08-2015,6.16
04-08-2015,6.16
05-08-2015,6.16
06-08-2015,6.16
07-08-2015,6.17
08-08-2015,6.17
11-08-2015,6.17
12-08-2015,6.17
13-08-2015,6.17
14-08-2015,6.16
15-08-2015,6.16
17-08-2015,6.16
18-08-2015,6.16
19-08-2015,6.16
20-08-2015,6.16
21-08-2015,6.15
22-08-2015,6.15
24-08-2015,6.15
25-08-2015,6.15
26-08-2015,6.15
27-08-2015,6.15
28-08-2015,6.19
29-08-2015,6.19
31-08-2015,6.19
01-09-2015,6.19
02-09-2015,6.19
03-09-2015,6.19
04-09-2015,6.26
05-09-2015,6.26
07-09-2015,6.26
08-09-2015,6.26
09-09-2015,6.26
10-09-2015,6.26
11-09-2015,6.32
14-09-2015,6.32
15-09-2015,6.32
16-09-2015,6.32
17-09-2015,6.32
18-09-2015,6.21
19-09-2015,6.21
21-09-2015,6.21
22-09-2015,6.21
23-09-2015,6.21
25-09-2015,6.19
26-09-2015,6.19
28-09-2015,6.19
29-09-2015,6.19
30-09-2015,6.19
01-10-2015,6.19
02-10-2015,6.2
05-10-2015,6.2
06-10-2015,6.2
07-10-2015,6.2
08-10-2015,6.2
09-10-2015,6.18
10-10-2015,6.18
12-10-2015,6.18
13-10-2015,6.18
14-10-2015,6.18
15-10-2015,6.18
16-10-2015,6.12
17-10-2015,6.12
19-10-2015,6.12
20-10-2015,6.12
21-10-2015,6.12
22-10-2015,6.12
23-10-2015,6.11
24-10-2015,6.11
26-10-2015,6.11
27-10-2015,6.11
28-10-2015,6.11
29-10-2015,6.11
30-10-2015,6.18
31-10-2015,6.18
02-11-2015,6.18
03-11-2015,6.18
04-11-2015,6.18
05-11-2015,6.18
06-11-2015,6.24
07-11-2015,6.24
09-11-2015,6.24
10-11-2015,6.24
11-11-2015,6.24
12-11-2015,6.24
13-11-2015,6.33
14-11-2015,6.33
16-11-2015,6.33
17-11-2015,6.33
18-11-2015,6.33
19-11-2015,6.33
20-11-2015,6.45
21-11-2015,6.45
23-11-2015,6.45
24-11-2015,6.45
25-11-2015,6.45
26-11-2015,6.45
27-11-2015,6.48
28-11-2015,6.48
30-11-2015,6.48
01-12-2015,6.48
02-12-2015,6.48
03-12-2015,6.48
04-12-2015,6.52
05-12-2015,6.52
07-12-2015,6.52
08-12-2015,6.52
09-12-2015,6.52
10-12-2015,6.52
11-12-2015,6.98
12-12-2015,6.98
14-12-2015,6.98
15-12-2015,6.98
17-12-2015,6.98
18-12-2015,6.8
19-12-2015,6.8
21-12-2015,6.8
22-12-2015,6.8
23-12-2015,6.8
24-12-2015,6.83
28-12-2015,6.83
29-12-2015,6.83
30-12-2015,6.83
31-12-2015,6.89
01-01-2016,6.89
02-01-2016,6.89
04-01-2016,6.89
05-01-2016,6.89
06-01-2016,6.89
07-01-2016,6.89
08-01-2016,6.84
09-01-2016,6.84
11-01-2016,6.84
12-01-2016,6.84
13-01-2016,6.84
14-01-2016,6.84
15-01-2016,6.83
16-01-2016,6.83
18-01-2016,6.83
19-01-2016,6.83
20-01-2016,6.83
21-01-2016,6.83
22-01-2016,6.85
23-01-2016,6.85
25-01-2016,6.85
26-01-2016,6.85
27-01-2016,6.85
28-01-2016,6.85
29-01-2016,6.94
30-01-2016,6.94
01-02-2016,6.94
02-02-2016,6.94
03-02-2016,6.94
04-02-2016,6.94
05-02-2016,6.92
06-02-2016,6.92
08-02-2016,6.92
09-02-2016,6.92
10-02-2016,6.92
11-02-2016,6.92
12-02-2016,6.93
13-02-2016,6.93
15-02-2016,6.93
16-02-2016,6.93
17-02-2016,6.93
18-02-2016,6.93
19-02-2016,6.92
20-02-2016,6.92
22-02-2016,6.92
23-02-2016,6.92
24-02-2016,6.92
25-02-2016,6.92
26-02-2016,6.97
27-02-2016,6.97
29-02-2016,6.97
01-03-2016,6.97
02-03-2016,6.97
03-03-2016,6.97
04-03-2016,7.01
05-03-2016,7.01
07-03-2016,7.01
08-03-2016,7.01
09-03-2016,7.01
10-03-2016,7.01
11-03-2016,7.01
12-03-2016,7.01
14-03-2016,7.01
15-03-2016,7.01
16-03-2016,7.01
17-03-2016,7.01
18-03-2016,7.1
19-03-2016,7.1
22-03-2016,7.1
23-03-2016,7.1
24-03-2016,7.11
26-03-2016,7.11
29-03-2016,7.11
30-03-2016,7.11
31-03-2016,7.11
01-04-2016,7.18
02-04-2016,7.18
04-04-2016,7.18
05-04-2016,7.18
06-04-2016,7.18
07-04-2016,7.18
08-04-2016,7.22
09-04-2016,7.22
11-04-2016,7.22
12-04-2016,7.22
13-04-2016,7.22
14-04-2016,7.22
15-04-2016,7.16
16-04-2016,7.16
18-04-2016,7.16
19-04-2016,7.16
20-04-2016,7.16
21-04-2016,7.16
22-04-2016,7.16
23-04-2016,7.16
25-04-2016,7.16
26-04-2016,7.16
28-04-2016,7.16
29-04-2016,7.15
30-04-2016,7.15
03-05-2016,7.15
04-05-2016,7.15
05-05-2016,7.15
06-05-2016,7.15
07-05-2016,7.15
09-05-2016,7.15
10-05-2016,7.15
11-05-2016,7.15
12-05-2016,7.15
13-05-2016,7.17
14-05-2016,7.17
16-05-2016,7.17
17-05-2016,7.17
18-05-2016,7.17
19-05-2016,7.17
20-05-2016,7.15
21-05-2016,7.15
23-05-2016,7.15
24-05-2016,7.15
25-05-2016,7.15
26-05-2016,7.15
27-05-2016,7.17
28-05-2016,7.17
30-05-2016,7.17
31-05-2016,7.17
01-06-2016,7.17
02-06-2016,7.17
03-06-2016,7.19
04-06-2016,7.19
06-06-2016,7.19
07-06-2016,7.19
08-06-2016,7.19
09-06-2016,7.19
10-06-2016,7.19
11-06-2016,7.19
13-06-2016,7.19
14-06-2016,7.19
15-06-2016,7.19
17-06-2016,7.19
18-06-2016,7.19
20-06-2016,7.19
21-06-2016,7.19
22-06-2016,7.19
23-06-2016,7.19
24-06-2016,7.22
25-06-2016,7.22
27-06-2016,7.22
28-06-2016,7.22
29-06-2016,7.22
30-06-2016,7.22
01-07-2016,7.27
02-07-2016,7.27
04-07-2016,7.27
05-07-2016,7.27
06-07-2016,7.27
07-07-2016,7.27
08-07-2016,7.39
09-07-2016,7.39
11-07-2016,7.39
12-07-2016,7.39
13-07-2016,7.39
14-07-2016,7.39
15-07-2016,7.39
16-07-2016,7.39
18-07-2016,7.39
19-07-2016,7.39
20-07-2016,7.39
21-07-2016,7.39
22-07-2016,7.36
23-07-2016,7.36
25-07-2016,7.36
26-07-2016,7.36
27-07-2016,7.36
28-07-2016,7.36
29-07-2016,7.33
30-07-2016,7.33
01-08-2016,7.33
02-08-2016,7.33
04-08-2016,7.33
05-08-2016,7.31
06-08-2016,7.31
08-08-2016,7.31
10-08-2016,7.31
11-08-2016,7.31
12-08-2016,7.28
13-08-2016,7.28
15-08-2016,7.28
16-08-2016,7.28
17-08-2016,7.28
18-08-2016,7.28
19-08-2016,7.24
20-08-2016,7.24
22-08-2016,7.24
23-08-2016,7.24
24-08-2016,7.24
25-08-2016,7.24
26-08-2016,7.35
27-08-2016,7.35
29-08-2016,7.35
30-08-2016,7.35
31-08-2016,7.35
01-09-2016,7.35
02-09-2016,7.36
03-09-2016,7.36
05-09-2016,7.36
06-09-2016,7.36
07-09-2016,7.36
08-09-2016,7.36
09-09-2016,7.31
10-09-2016,7.31
12-09-2016,7.31
13-09-2016,7.31
14-09-2016,7.31
15-09-2016,7.31
16-09-2016,7.27
17-09-2016,7.27
19-09-2016,7.27
20-09-2016,7.27
21-09-2016,7.27
22-09-2016,7.27
23-09-2016,7.23
24-09-2016,7.23
26-09-2016,7.23
27-09-2016,7.23
28-09-2016,7.23
29-09-2016,7.23
30-09-2016,7.23
01-10-2016,7.23
03-10-2016,7.23
04-10-2016,7.23
05-10-2016,7.23
06-10-2016,7.23
07-10-2016,7.31
08-10-2016,7.31
10-10-2016,7.31
11-10-2016,7.31
12-10-2016,7.31
13-10-2016,7.31
14-10-2016,7.39
15-10-2016,7.39
17-10-2016,7.39
18-10-2016,7.39
19-10-2016,7.39
20-10-2016,7.39
21-10-2016,7.41
22-10-2016,7.41
24-10-2016,7.41
25-10-2016,7.41
26-10-2016,7.41
27-10-2016,7.41
28-10-2016,7.4
29-10-2016,7.4
31-10-2016,7.4
01-11-2016,7.4
02-11-2016,7.4
03-11-2016,7.4
04-11-2016,7.39
05-11-2016,7.39
07-11-2016,7.39
08-11-2016,7.39
09-11-2016,7.39
10-11-2016,7.39
11-11-2016,7.47
12-11-2016,7.47
14-11-2016,7.47
15-11-2016,7.47
16-11-2016,7.47
17-11-2016,7.47
18-11-2016,7.51
19-11-2016,7.51
21-11-2016,7.51
22-11-2016,7.51
23-11-2016,7.51
24-11-2016,7.51
25-11-2016,7.6
26-11-2016,7.6
28-11-2016,7.6
29-11-2016,7.6
30-11-2016,7.6
01-12-2016,7.6
02-12-2016,7.62
03-12-2016,7.62
05-12-2016,7.62
06-12-2016,7.62
07-12-2016,7.62
08-12-2016,7.62
09-12-2016,7.57
10-12-2016,7.57
12-12-2016,7.57
13-12-2016,7.57
14-12-2016,7.57
15-12-2016,7.61
17-12-2016,7.61
19-12-2016,7.61
20-12-2016,7.61
21-12-2016,7.61
22-12-2016,7.61
23-12-2016,7.63
24-12-2016,7.63
28-12-2016,7.63
29-12-2016,7.63
30-12-2016,7.64
31-12-2016,7.64
03-01-2017,7.64
04-01-2017,7.64
05-01-2017,7.64
06-01-2017,7.53
07-01-2017,7.53
09-01-2017,7.53
10-01-2017,7.53
11-01-2017,7.53
12-01-2017,7.53
13-01-2017,7.45
14-01-2017,7.45
16-01-2017,7.45
17-01-2017,7.45
18-01-2017,7.45
19-01-2017,7.45
20-01-2017,7.39
21-01-2017,7.39
23-01-2017,7.39
24-01-2017,7.39
25-01-2017,7.39
26-01-2017,7.39
27-01-2017,7.36
28-01-2017,7.36
30-01-2017,7.36
31-01-2017,7.36
01-02-2017,7.36
02-02-2017,7.36
03-02-2017,7.31
04-02-2017,7.31
06-02-2017,7.31
07-02-2017,7.31
08-02-2017,7.31
09-02-2017,7.31
10-02-2017,7.27
11-02-2017,7.27
13-02-2017,7.27
14-02-2017,7.27
15-02-2017,7.27
16-02-2017,7.27
17-02-2017,7.23
18-02-2017,7.23
20-02-2017,7.23
21-02-2017,7.23
22-02-2017,7.23
23-02-2017,7.23
24-02-2017,7.19
25-02-2017,7.19
27-02-2017,7.19
28-02-2017,7.19
01-03-2017,7.19
02-03-2017,7.19
03-03-2017,7.17
04-03-2017,7.17
06-03-2017,7.17
07-03-2017,7.17
08-03-2017,7.17
09-03-2017,7.17
10-03-2017,7.26
11-03-2017,7.26
13-03-2017,7.26
14-03-2017,7.26
15-03-2017,7.26
16-03-2017,7.26
17-03-2017,7.24
18-03-2017,7.24
20-03-2017,7.24
22-03-2017,7.24
23-03-2017,7.24
24-03-2017,7.26
27-03-2017,7.26
28-03-2017,7.26
29-03-2017,7.26
30-03-2017,7.26
31-03-2017,7.29
01-04-2017,7.29
03-04-2017,7.29
04-04-2017,7.29
05-04-2017,7.29
06-04-2017,7.29
07-04-2017,7.42
08-04-2017,7.42
10-04-2017,7.42
11-04-2017,7.42
12-04-2017,7.42
13-04-2017,7.49
14-04-2017,7.49
18-04-2017,7.49
19-04-2017,7.49
20-04-2017,7.49
21-04-2017,7.44
22-04-2017,7.44
24-04-2017,7.44
25-04-2017,7.44
26-04-2017,7.44
28-04-2017,7.43
29-04-2017,7.43
02-05-2017,7.43
03-05-2017,7.43
04-05-2017,7.43
05-05-2017,7.44
06-05-2017,7.44
08-05-2017,7.44
09-05-2017,7.44
10-05-2017,7.44
11-05-2017,7.44
12-05-2017,7.46
13-05-2017,7.46
15-05-2017,7.46
16-05-2017,7.46
17-05-2017,7.46
18-05-2017,7.46
19-05-2017,7.44
20-05-2017,7.44
22-05-2017,7.44
23-05-2017,7.44
24-05-2017,7.44
25-05-2017,7.44
26-05-2017,7.39
27-05-2017,7.39
29-05-2017,7.39
30-05-2017,7.39
31-05-2017,7.39
01-06-2017,7.39
02-06-2017,7.36
05-06-2017,7.36
06-06-2017,7.36
07-06-2017,7.36
08-06-2017,7.36
09-06-2017,7.33
10-06-2017,7.33
12-06-2017,7.33
13-06-2017,7.33
14-06-2017,7.33
15-06-2017,7.33
19-06-2017,7.33
20-06-2017,7.33
21-06-2017,7.33
22-06-2017,7.33
23-06-2017,7.32
26-06-2017,7.32
27-06-2017,7.32
28-06-2017,7.32
29-06-2017,7.32
30-06-2017,7.44
03-07-2017,7.44
04-07-2017,7.44
05-07-2017,7.44
06-07-2017,7.44
07-07-2017,7.43
10-07-2017,7.43
11-07-2017,7.43
12-07-2017,7.43
13-07-2017,7.43
14-07-2017,7.42
15-07-2017,7.42
17-07-2017,7.42
18-07-2017,7.42
19-07-2017,7.42
20-07-2017,7.42
21-07-2017,7.09
24-07-2017,7.09
25-07-2017,7.09
26-07-2017,7.09
27-07-2017,7.09
28-07-2017,7.15
31-07-2017,7.15
01-08-2017,7.15
02-08-2017,7.15
03-08-2017,7.15
04-08-2017,7.18
07-08-2017,7.18
08-08-2017,7.18
10-08-2017,7.18
11-08-2017,7.19
14-08-2017,7.19
15-08-2017,7.19
16-08-2017,7.19
17-08-2017,7.19
18-08-2017,7.18
21-08-2017,7.18
22-08-2017,7.18
23-08-2017,7.18
24-08-2017,7.18
25-08-2017,7.16
26-08-2017,7.16
28-08-2017,7.16
29-08-2017,7.16
30-08-2017,7.16
31-08-2017,7.16
01-09-2017,7.13
02-09-2017,7.13
04-09-2017,7.13
05-09-2017,7.13
06-09-2017,7.13
07-09-2017,7.13
08-09-2017,7.11
11-09-2017,7.11
12-09-2017,7.11
13-09-2017,7.11
14-09-2017,7.11
15-09-2017,7.07
18-09-2017,7.07
19-09-2017,7.07
20-09-2017,7.07
21-09-2017,7.07
22-09-2017,7.07
23-09-2017,7.07
26-09-2017,7.07
27-09-2017,7.07
28-09-2017,7.07
29-09-2017,7.11
02-10-2017,7.11
03-10-2017,7.11
04-10-2017,7.11
05-10-2017,7.11
06-10-2017,7.25
07-10-2017,7.25
09-10-2017,7.25
10-10-2017,7.25
11-10-2017,7.25
12-10-2017,7.25
13-10-2017,7.27
14-10-2017,7.27
16-10-2017,7.27
17-10-2017,7.27
18-10-2017,7.27
19-10-2017,7.27
20-10-2017,7.27
23-10-2017,7.27
24-10-2017,7.27
25-10-2017,7.27
26-10-2017,7.27
27-10-2017,7.4
30-10-2017,7.4
31-10-2017,7.4
01-11-2017,7.4
02-11-2017,7.4
03-11-2017,7.39
06-11-2017,7.39
07-11-2017,7.39
08-11-2017,7.39
09-11-2017,7.39
10-11-2017,7.42
13-11-2017,7.42
14-11-2017,7.42
15-11-2017,7.42
16-11-2017,7.42
17-11-2017,7.45
20-11-2017,7.45
21-11-2017,7.45
22-11-2017,7.45
23-11-2017,7.45
24-11-2017,7.56
27-11-2017,7.56
28-11-2017,7.56
29-11-2017,7.56
30-11-2017,7.56
01-12-2017,7.52
04-12-2017,7.52
05-12-2017,7.52
06-12-2017,7.52
07-12-2017,7.52
08-12-2017,7.5
11-12-2017,7.5
12-12-2017,7.5
13-12-2017,7.5
14-12-2017,7.5
15-12-2017,7.6
18-12-2017,7.6
19-12-2017,7.6
20-12-2017,7.6
21-12-2017,7.6
22-12-2017,7.53
27-12-2017,7.53
28-12-2017,7.53
29-12-2017,7.49
02-01-2018,7.49
03-01-2018,7.49
04-01-2018,7.49
05-01-2018,7.44
08-01-2018,7.44
09-01-2018,7.44
10-01-2018,7.44
11-01-2018,7.44
12-01-2018,7.27
15-01-2018,7.27
16-01-2018,7.27
17-01-2018,7.27
18-01-2018,7.27
19-01-2018,7.24
22-01-2018,7.24
23-01-2018,7.24
24-01-2018,7.24
25-01-2018,7.24
26-01-2018,7.21
29-01-2018,7.21
30-01-2018,7.21
31-01-2018,7.21
01-02-2018,7.21
02-02-2018,7.18
05-02-2018,7.18
06-02-2018,7.18
07-02-2018,7.18
08-02-2018,7.18
09-02-2018,7.14
12-02-2018,7.14
13-02-2018,7.14
14-02-2018,7.14
15-02-2018,7.14
16-02-2018,7.08
19-02-2018,7.08
20-02-2018,7.08
21-02-2018,7.08
22-02-2018,7.08
23-02-2018,7.04
26-02-2018,7.04
27-02-2018,7.04
28-02-2018,7.04
01-03-2018,7.04
02-03-2018,7.07
05-03-2018,7.07
06-03-2018,7.07
07-03-2018,7.07
08-03-2018,7.07
09-03-2018,7.07
12-03-2018,7.07
13-03-2018,7.07
14-03-2018,7.07
15-03-2018,7.07
16-03-2018,7.11
19-03-2018,7.11
20-03-2018,7.11
22-03-2018,7.11
23-03-2018,7.05
26-03-2018,7.05
27-03-2018,7.05
28-03-2018,7.05
29-03-2018,6.87
03-04-2018,6.87
04-04-2018,6.87
05-04-2018,6.87
06-04-2018,6.96
09-04-2018,6.96
10-04-2018,6.96
11-04-2018,6.96
12-04-2018,6.96
13-04-2018,7.03
16-04-2018,7.03
17-04-2018,7.03
18-04-2018,7.03
19-04-2018,7.03
20-04-2018,7.01
23-04-2018,7.01
24-04-2018,7.01
25-04-2018,7.01
26-04-2018,7.01
30-04-2018,6.99
02-05-2018,6.99
03-05-2018,6.99
04-05-2018,6.98
07-05-2018,6.98
08-05-2018,6.98
09-05-2018,6.98
10-05-2018,6.98
11-05-2018,7
14-05-2018,7
15-05-2018,7
16-05-2018,7
17-05-2018,7
18-05-2018,7.02
21-05-2018,7.02
22-05-2018,7.02
23-05-2018,7.02
24-05-2018,7.02
25-05-2018,7.03
28-05-2018,7.03
29-05-2018,7.03
30-05-2018,7.03
31-05-2018,7.03
01-06-2018,7.02
04-06-2018,7.02
05-06-2018,7.02
06-06-2018,7.02
07-06-2018,7.02
08-06-2018,7.03
11-06-2018,7.03
12-06-2018,7.03
13-06-2018,7.03
14-06-2018,7.03
15-06-2018,7.04
18-06-2018,7.04
19-06-2018,7.04
20-06-2018,7.04
21-06-2018,7.04
22-06-2018,7.04
25-06-2018,7.04
26-06-2018,7.04
27-06-2018,7.04
28-06-2018,7.04
29-06-2018,7.07
02-07-2018,7.07
03-07-2018,7.07
04-07-2018,7.07
05-07-2018,7.07
06-07-2018,7.07
09-07-2018,7.07
10-07-2018,7.07
11-07-2018,7.07
12-07-2018,7.07
13-07-2018,7.06
16-07-2018,7.06
17-07-2018,7.06
18-07-2018,7.06
19-07-2018,7.06
20-07-2018,7.06
23-07-2018,7.06
24-07-2018,7.06
25-07-2018,7.06
26-07-2018,7.06
27-07-2018,7.09
30-07-2018,7.09
31-07-2018,7.09
01-08-2018,7.09
02-08-2018,7.09
03-08-2018,7.07
06-08-2018,7.07
07-08-2018,7.07
08-08-2018,7.07
10-08-2018,7.1
13-08-2018,7.1
14-08-2018,7.1
15-08-2018,7.1
16-08-2018,7.1
17-08-2018,7.17
20-08-2018,7.17
21-08-2018,7.17
22-08-2018,7.17
23-08-2018,7.17
24-08-2018,7.15
27-08-2018,7.15
28-08-2018,7.15
29-08-2018,7.15
30-08-2018,7.15
31-08-2018,7.16
03-09-2018,7.16
04-09-2018,7.16
05-09-2018,7.16
06-09-2018,7.16
07-09-2018,7.16
10-09-2018,7.16
11-09-2018,7.16
12-09-2018,7.16
13-09-2018,7.16
14-09-2018,7.14
17-09-2018,7.14
18-09-2018,7.14
19-09-2018,7.14
20-09-2018,7.14
21-09-2018,7.12
25-09-2018,7.12
26-09-2018,7.12
27-09-2018,7.12
28-09-2018,7.12
01-10-2018,7.12
02-10-2018,7.12
03-10-2018,7.12
04-10-2018,7.12
05-10-2018,7.15
08-10-2018,7.15
09-10-2018,7.15
10-10-2018,7.15
11-10-2018,7.15
12-10-2018,7.2
15-10-2018,7.2
16-10-2018,7.2
17-10-2018,7.2
18-10-2018,7.2
19-10-2018,7.23
22-10-2018,7.23
23-10-2018,7.23
24-10-2018,7.23
25-10-2018,7.23
26-10-2018,7.27
29-10-2018,7.27
30-10-2018,7.27
31-10-2018,7.27
01-11-2018,7.27
02-11-2018,7.27
05-11-2018,7.27
06-11-2018,7.27
07-11-2018,7.27
08-11-2018,7.27
09-11-2018,7.27
10-11-2018,7.27
12-11-2018,7.27
13-11-2018,7.27
14-11-2018,7.27
15-11-2018,7.27
16-11-2018,7.29
19-11-2018,7.29
20-11-2018,7.29
21-11-2018,7.29
22-11-2018,7.29
23-11-2018,7.45
26-11-2018,7.45
27-11-2018,7.45
28-11-2018,7.45
29-11-2018,7.45
30-11-2018,7.43
03-12-2018,7.43
04-12-2018,7.43
05-12-2018,7.43
06-12-2018,7.43
07-12-2018,7.44
10-12-2018,7.44
11-12-2018,7.44
12-12-2018,7.44
13-12-2018,7.44
14-12-2018,7.48
18-12-2018,7.48
19-12-2018,7.48
20-12-2018,7.48
21-12-2018,7.61
24-12-2018,7.61
27-12-2018,7.61
28-12-2018,7.61
31-12-2018,7.61
02-01-2019,7.61
03-01-2019,7.61
04-01-2019,7.61
07-01-2019,7.61
08-01-2019,7.61
09-01-2019,7.61
10-01-2019,7.61
11-01-2019,7.53
14-01-2019,7.53
15-01-2019,7.53
16-01-2019,7.53
17-01-2019,7.53
18-01-2019,7.47
21-01-2019,7.47
22-01-2019,7.47
23-01-2019,7.47
24-01-2019,7.47
25-01-2019,7.39
28-01-2019,7.39
29-01-2019,7.39
30-01-2019,7.39
31-01-2019,7.39
01-02-2019,7.34
04-02-2019,7.34
05-02-2019,7.34
06-02-2019,7.34
07-02-2019,7.34
08-02-2019,7.32
11-02-2019,7.32
12-02-2019,7.32
13-02-2019,7.32
14-02-2019,7.32
15-02-2019,7.21
18-02-2019,7.21
19-02-2019,7.21
20-02-2019,7.21
21-02-2019,7.21
22-02-2019,7.13
25-02-2019,7.13
26-02-2019,7.13
27-02-2019,7.13
28-02-2019,7.13
01-03-2019,7.11
04-03-2019,7.11
05-03-2019,7.11
06-03-2019,7.11
07-03-2019,7.11
08-03-2019,7.05
11-03-2019,7.05
12-03-2019,7.05
13-03-2019,7.05
14-03-2019,7.05
15-03-2019,7.02
18-03-2019,7.02
19-03-2019,7.02
20-03-2019,7.02
22-03-2019,7
25-03-2019,7
26-03-2019,7
27-03-2019,7
28-03-2019,7
29-03-2019,6.98
01-04-2019,6.98
02-04-2019,6.98
03-04-2019,6.98
04-04-2019,6.98
05-04-2019,7.01
08-04-2019,7.01
09-04-2019,7.01
10-04-2019,7.01
11-04-2019,7.01
12-04-2019,7.15
15-04-2019,7.15
16-04-2019,7.15
17-04-2019,7.15
18-04-2019,7.15
23-04-2019,7.22
24-04-2019,7.22
25-04-2019,7.22
26-04-2019,7.23
29-04-2019,7.23
30-04-2019,7.23
02-05-2019,7.23
03-05-2019,7.21
06-05-2019,7.21
07-05-2019,7.21
09-05-2019,7.21
10-05-2019,7.21
13-05-2019,7.18
14-05-2019,7.18
15-05-2019,7.18
16-05-2019,7.18
17-05-2019,7.17
20-05-2019,7.17
21-05-2019,7.17
22-05-2019,7.17
23-05-2019,7.17
24-05-2019,7.13
27-05-2019,7.13
28-05-2019,7.13
29-05-2019,7.13
30-05-2019,7.13
31-05-2019,7.13
03-06-2019,7.13
04-06-2019,7.13
05-06-2019,7.13
06-06-2019,7.13
07-06-2019,7.11
10-06-2019,7.11
11-06-2019,7.11
12-06-2019,7.11
13-06-2019,7.11
14-06-2019,7.1
18-06-2019,7.1
19-06-2019,7.1
20-06-2019,7.1
21-06-2019,7.09
24-06-2019,7.09
25-06-2019,7.09
26-06-2019,7.09
27-06-2019,7.09
28-06-2019,7.1
01-07-2019,7.1
02-07-2019,7.1
03-07-2019,7.1
04-07-2019,7.1
05-07-2019,7.09
08-07-2019,7.09
09-07-2019,7.09
10-07-2019,7.09
11-07-2019,7.09
12-07-2019,7.04
15-07-2019,7.04
16-07-2019,7.04
17-07-2019,7.04
18-07-2019,7.04
19-07-2019,6.96
22-07-2019,6.96
23-07-2019,6.96
24-07-2019,6.96
25-07-2019,6.96
26-07-2019,6.99
29-07-2019,6.99
30-07-2019,6.99
31-07-2019,6.99
01-08-2019,6.99
02-08-2019,7.02
05-08-2019,7.02
06-08-2019,7.02
07-08-2019,7.02
08-08-2019,7.02
12-08-2019,7.01
13-08-2019,7.01
14-08-2019,7.01
15-08-2019,7.01
16-08-2019,7
19-08-2019,7
20-08-2019,7
21-08-2019,7
22-08-2019,7
23-08-2019,6.96
26-08-2019,6.96
27-08-2019,6.96
28-08-2019,6.96
29-08-2019,6.96
30-08-2019,6.94
