Date,Close,High,Low,Open,Volume
01-02-2007,19.88,19.88,19.88,19.88,0
02-02-2007,20.1,20.1,20.1,20.1,0
05-02-2007,20.14,20.14,20.14,20.14,0
06-02-2007,19.7,19.7,19.7,19.7,0
07-02-2007,19.83,19.83,19.83,19.83,0
08-02-2007,20.63,20.63,20.63,20.63,0
09-02-2007,20.84,20.84,20.84,20.84,0
12-02-2007,20.93,20.93,20.93,20.93,0
13-02-2007,20.63,20.63,20.63,20.63,0
14-02-2007,20.22,20.22,20.22,20.22,0
15-02-2007,20.02,20.02,20.02,20.02,0
16-02-2007,19.98,19.98,19.98,19.98,0
19-02-2007,19.6,19.6,19.6,19.6,0
20-02-2007,19.4,19.4,19.4,19.4,0
21-02-2007,19.76,19.76,19.76,19.76,0
22-02-2007,19.43,19.43,19.43,19.43,0
23-02-2007,19.25,19.25,19.25,19.25,0
26-02-2007,19.01,19.01,19.01,19.01,0
27-02-2007,20.9,20.9,20.9,20.9,0
28-02-2007,21.6,21.6,21.6,21.6,0
01-03-2007,22.22,22.22,22.22,22.22,0
02-03-2007,22.75,22.75,22.75,22.75,0
05-03-2007,24.55,24.55,24.55,24.55,0
06-03-2007,24.05,24.05,24.05,24.05,0
07-03-2007,23.86,23.86,23.86,23.86,0
08-03-2007,23.16,23.16,23.16,23.16,0
09-03-2007,22.49,22.49,22.49,22.49,0
12-03-2007,21.65,21.65,21.65,21.65,0
13-03-2007,22.06,22.06,22.06,22.06,0
14-03-2007,23.78,23.78,23.78,23.78,0
15-03-2007,23.08,23.08,23.08,23.08,0
16-03-2007,22.54,22.54,22.54,22.54,0
19-03-2007,21.81,21.81,21.81,21.81,0
20-03-2007,21.52,21.52,21.52,21.52,0
22-03-2007,20.86,20.86,20.86,20.86,0
23-03-2007,20.13,20.13,20.13,20.13,0
26-03-2007,20.05,20.05,20.05,20.05,0
27-03-2007,20.21,20.21,20.21,20.21,0
28-03-2007,19.9,19.9,19.9,19.9,0
29-03-2007,19.37,19.37,19.37,19.37,0
30-03-2007,19.21,19.21,19.21,19.21,0
02-04-2007,19.01,19.01,19.01,19.01,0
03-04-2007,18.88,18.88,18.88,18.88,0
04-04-2007,18.66,18.66,18.66,18.66,0
05-04-2007,18.56,18.56,18.56,18.56,0
10-04-2007,18,18,18,18,0
11-04-2007,17.95,17.95,17.95,17.95,0
12-04-2007,17.46,17.46,17.46,17.46,0
13-04-2007,17.07,17.07,17.07,17.07,0
16-04-2007,16.76,16.76,16.76,16.76,0
17-04-2007,17.1,17.1,17.1,17.1,0
18-04-2007,17.47,17.47,17.47,17.47,0
19-04-2007,17.33,17.33,17.33,17.33,0
20-04-2007,16.9,16.9,16.9,16.9,0
23-04-2007,16.98,16.98,16.98,16.98,0
24-04-2007,17.07,17.07,17.07,17.07,0
25-04-2007,16.99,16.99,16.99,16.99,0
26-04-2007,17.14,17.14,17.14,17.14,0
30-04-2007,17.2,17.2,17.2,17.2,0
02-05-2007,16.85,16.85,16.85,16.85,0
03-05-2007,17.01,17.01,17.01,17.01,0
04-05-2007,16.46,16.46,16.46,16.46,0
07-05-2007,16.76,16.76,16.76,16.76,0
08-05-2007,18.08,18.08,18.08,18.08,0
09-05-2007,18.03,18.03,18.03,18.03,0
10-05-2007,18.19,18.19,18.19,18.19,0
11-05-2007,18.17,18.17,18.17,18.17,0
14-05-2007,19.05,19.05,19.05,19.05,0
15-05-2007,19.29,19.29,19.29,19.29,0
16-05-2007,19.3,19.3,19.3,19.3,0
17-05-2007,19.95,19.95,19.95,19.95,0
18-05-2007,19.8,19.8,19.8,19.8,0
21-05-2007,19.27,19.27,19.27,19.27,0
22-05-2007,19.19,19.19,19.19,19.19,0
23-05-2007,18.78,18.78,18.78,18.78,0
24-05-2007,19.1,19.1,19.1,19.1,0
25-05-2007,19.82,19.82,19.82,19.82,0
28-05-2007,19.61,19.61,19.61,19.61,0
29-05-2007,19.98,19.98,19.98,19.98,0
30-05-2007,20.24,20.24,20.24,20.24,0
31-05-2007,20.45,20.45,20.45,20.45,0
01-06-2007,20,20,20,20,0
04-06-2007,20.08,20.08,20.08,20.08,0
05-06-2007,20.13,20.13,20.13,20.13,0
06-06-2007,20.67,20.67,20.67,20.67,0
07-06-2007,20.81,20.81,20.81,20.81,0
08-06-2007,21.73,21.73,21.73,21.73,0
11-06-2007,21.28,21.28,21.28,21.28,0
12-06-2007,21.68,21.68,21.68,21.68,0
13-06-2007,21.46,21.46,21.46,21.46,0
14-06-2007,20.52,20.52,20.52,20.52,0
15-06-2007,20.07,20.07,20.07,20.07,0
18-06-2007,20.02,20.02,20.02,20.02,0
19-06-2007,20.44,20.44,20.44,20.44,0
20-06-2007,20.42,20.42,20.42,20.42,0
21-06-2007,20.63,20.63,20.63,20.63,0
22-06-2007,20.41,20.41,20.41,20.41,0
25-06-2007,20.87,20.87,20.87,20.87,0
26-06-2007,20.94,20.94,20.94,20.94,0
27-06-2007,21.88,21.88,21.88,21.88,0
28-06-2007,21.48,21.48,21.48,21.48,0
29-06-2007,21.56,21.56,21.56,21.56,0
02-07-2007,21.3,21.3,21.3,21.3,0
03-07-2007,21.05,21.05,21.05,21.05,0
04-07-2007,20.76,20.76,20.76,20.76,0
05-07-2007,20.51,20.51,20.51,20.51,0
06-07-2007,20.42,20.42,20.42,20.42,0
09-07-2007,19.75,19.75,19.75,19.75,0
10-07-2007,19.52,19.52,19.52,19.52,0
11-07-2007,19.56,19.56,19.56,19.56,0
12-07-2007,19.31,19.31,19.31,19.31,0
13-07-2007,19.3,19.3,19.3,19.3,0
16-07-2007,19.09,19.09,19.09,19.09,0
17-07-2007,19.33,19.33,19.33,19.33,0
18-07-2007,19.87,19.87,19.87,19.87,0
19-07-2007,19.45,19.45,19.45,19.45,0
20-07-2007,19.25,19.25,19.25,19.25,0
23-07-2007,19.01,19.01,19.01,19.01,0
24-07-2007,19.22,19.22,19.22,19.22,0
25-07-2007,19.54,19.54,19.54,19.54,0
26-07-2007,21.24,21.24,21.24,21.24,0
27-07-2007,24,24,24,24,0
30-07-2007,23.2,23.2,23.2,23.2,0
31-07-2007,22.63,22.63,22.63,22.63,0
01-08-2007,24.21,24.21,24.21,24.21,0
02-08-2007,24.57,24.57,24.57,24.57,0
03-08-2007,24.64,24.64,24.64,24.64,0
06-08-2007,25.27,25.27,25.27,25.27,0
07-08-2007,25.08,25.08,25.08,25.08,0
08-08-2007,24.4,24.4,24.4,24.4,0
10-08-2007,26.1,26.1,26.1,26.1,0
13-08-2007,25.89,25.89,25.89,25.89,0
14-08-2007,25.9,25.9,25.9,25.9,0
15-08-2007,26.82,26.82,26.82,26.82,0
16-08-2007,30.23,30.23,30.23,30.23,0
17-08-2007,31.07,31.07,31.07,31.07,0
20-08-2007,30.01,30.01,30.01,30.01,0
21-08-2007,30.56,30.56,30.56,30.56,0
22-08-2007,28.85,28.85,28.85,28.85,0
23-08-2007,28.44,28.44,28.44,28.44,0
24-08-2007,28.21,28.21,28.21,28.21,0
27-08-2007,27.82,27.82,27.82,27.82,0
28-08-2007,27.8,27.8,27.8,27.8,0
29-08-2007,27.92,27.92,27.92,27.92,0
30-08-2007,27.62,27.62,27.62,27.62,0
31-08-2007,26.42,26.42,26.42,26.42,0
03-09-2007,26.05,26.05,26.05,26.05,0
04-09-2007,25.74,25.74,25.74,25.74,0
05-09-2007,25.89,25.89,25.89,25.89,0
06-09-2007,26.13,26.13,26.13,26.13,0
07-09-2007,26.33,26.33,26.33,26.33,0
10-09-2007,26.63,26.63,26.63,26.63,0
11-09-2007,25.73,25.73,25.73,25.73,0
12-09-2007,25.58,25.58,25.58,25.58,0
13-09-2007,25.56,25.56,25.56,25.56,0
14-09-2007,25.43,25.43,25.43,25.43,0
17-09-2007,25.64,25.64,25.64,25.64,0
18-09-2007,25.47,25.47,25.47,25.47,0
19-09-2007,24.96,24.96,24.96,24.96,0
20-09-2007,24.27,24.27,24.27,24.27,0
21-09-2007,24.36,24.36,24.36,24.36,0
25-09-2007,23.99,23.99,23.99,23.99,0
26-09-2007,23.75,23.75,23.75,23.75,0
27-09-2007,23.6,23.6,23.6,23.6,0
28-09-2007,23.09,23.09,23.09,23.09,0
01-10-2007,22.88,22.88,22.88,22.88,0
02-10-2007,22.15,22.15,22.15,22.15,0
03-10-2007,22.03,22.03,22.03,22.03,0
04-10-2007,22.1,22.1,22.1,22.1,0
05-10-2007,21.9,21.9,21.9,21.9,0
08-10-2007,21.79,21.79,21.79,21.79,0
09-10-2007,21.61,21.61,21.61,21.61,0
10-10-2007,21.15,21.15,21.15,21.15,0
11-10-2007,21.27,21.27,21.27,21.27,0
12-10-2007,21.11,21.11,21.11,21.11,0
15-10-2007,21.06,21.06,21.06,21.06,0
16-10-2007,21.65,21.65,21.65,21.65,0
17-10-2007,21.48,21.48,21.48,21.48,0
18-10-2007,21.66,21.66,21.66,21.66,0
19-10-2007,21.99,21.99,21.99,21.99,0
22-10-2007,22.96,22.96,22.96,22.96,0
23-10-2007,22.78,22.78,22.78,22.78,0
24-10-2007,23.39,23.39,23.39,23.39,0
25-10-2007,23.35,23.35,23.35,23.35,0
26-10-2007,23.2,23.16,23.16,23.2,0
29-10-2007,22.93,22.93,22.93,22.93,0
30-10-2007,22.71,22.71,22.71,22.71,0
31-10-2007,22.59,22.59,22.59,22.59,0
01-11-2007,23.67,23.67,23.67,23.67,0
02-11-2007,23.96,23.96,23.96,23.96,0
05-11-2007,24.88,24.88,24.88,24.88,0
06-11-2007,23.93,23.93,23.93,23.93,0
07-11-2007,24.09,24.09,24.09,24.09,0
08-11-2007,24,24,24,24,0
09-11-2007,23.95,23.95,23.95,23.95,0
12-11-2007,24.19,24.19,24.19,24.19,0
13-11-2007,24.55,24.55,24.55,24.55,0
14-11-2007,24.25,24.25,24.25,24.25,0
15-11-2007,25.35,25.35,25.35,25.35,0
16-11-2007,25.9,25.9,25.9,25.9,0
19-11-2007,26.75,26.75,26.75,26.75,0
20-11-2007,27.41,27.41,27.41,27.41,0
21-11-2007,28.1,28.11,28.11,28.1,0
22-11-2007,27.66,27.66,27.66,27.66,0
23-11-2007,27.13,27.13,27.13,27.13,0
26-11-2007,27.38,27.38,27.38,27.38,0
27-11-2007,27.9,27.9,27.9,27.9,0
28-11-2007,27.77,27.77,27.77,27.77,0
29-11-2007,27.4,27.4,27.4,27.4,0
30-11-2007,26.82,26.82,26.82,26.82,0
03-12-2007,26.48,26.48,26.48,26.48,0
04-12-2007,26.49,26.49,26.49,26.49,0
05-12-2007,26.28,26.28,26.28,26.28,0
06-12-2007,26.49,26.49,26.49,26.49,0
07-12-2007,25.56,25.56,25.56,25.56,0
10-12-2007,25.43,25.43,25.43,25.43,0
11-12-2007,25.13,25.13,25.13,25.13,0
12-12-2007,25.48,25.48,25.48,25.48,0
13-12-2007,26.88,26.88,26.88,26.88,0
14-12-2007,28.14,28.14,28.14,28.14,0
18-12-2007,28.65,28.65,28.65,28.65,0
19-12-2007,28.53,28.53,28.53,28.53,0
20-12-2007,28.37,28.37,28.37,28.37,0
21-12-2007,27.36,27.36,27.36,27.36,0
24-12-2007,27.36,27.36,27.36,27.36,0
27-12-2007,26.29,26.29,26.29,26.29,0
28-12-2007,26.32,26.32,26.32,26.32,0
31-12-2007,26.88,26.88,26.88,26.88,0
02-01-2008,26.67,26.67,26.67,26.67,0
03-01-2008,26.7,26.7,26.7,26.7,0
04-01-2008,27.08,27.08,27.08,27.08,0
07-01-2008,27.56,27.56,27.56,27.56,0
08-01-2008,27.25,27.25,27.25,27.25,0
09-01-2008,28.25,28.25,28.25,28.25,0
10-01-2008,28.91,28.91,28.91,28.91,0
11-01-2008,29.1,29.1,29.1,29.1,0
14-01-2008,28.75,28.75,28.75,28.75,0
15-01-2008,28.99,28.99,28.99,28.99,0
16-01-2008,30.17,30.17,30.17,30.17,0
17-01-2008,30.24,30.24,30.24,30.24,0
18-01-2008,30.32,30.32,30.32,30.32,0
21-01-2008,32.31,32.31,32.31,32.31,0
22-01-2008,33.64,33.64,33.64,33.64,0
23-01-2008,33.76,33.76,33.76,33.76,0
24-01-2008,33.3,33.3,33.3,33.3,0
25-01-2008,33.24,33.24,33.24,33.24,0
28-01-2008,33.89,33.89,33.89,33.89,0
29-01-2008,33.61,33.61,33.61,33.61,0
30-01-2008,32.68,32.68,32.68,32.68,0
31-01-2008,33.02,33.02,33.02,33.02,0
01-02-2008,32.23,32.23,32.23,32.23,0
04-02-2008,31.07,31.07,31.07,31.07,0
05-02-2008,33.06,33.06,33.06,33.06,0
06-02-2008,32.95,32.95,32.95,32.95,0
07-02-2008,32.41,32.41,32.41,32.41,0
08-02-2008,32.36,32.36,32.36,32.36,0
11-02-2008,33.09,33.09,33.09,33.09,0
12-02-2008,32.39,32.39,32.39,32.39,0
13-02-2008,31.48,31.48,31.48,31.48,0
14-02-2008,31.19,31.19,31.19,31.19,0
15-02-2008,31.54,31.54,31.54,31.54,0
18-02-2008,30.4,30.4,30.4,30.4,0
19-02-2008,30.58,30.58,30.58,30.58,0
20-02-2008,30.29,30.29,30.29,30.29,0
21-02-2008,29.51,29.51,29.51,29.51,0
22-02-2008,29.15,29.15,29.15,29.15,0
25-02-2008,28.81,28.81,28.81,28.81,0
26-02-2008,28.59,28.59,28.59,28.59,0
27-02-2008,28.45,28.45,28.45,28.45,0
28-02-2008,28.14,28.14,28.14,28.14,0
29-02-2008,27.68,27.68,27.68,27.68,0
03-03-2008,27.24,27.24,27.24,27.24,0
04-03-2008,27.07,27.07,27.07,27.07,0
05-03-2008,27.37,27.37,27.37,27.37,0
06-03-2008,26.53,26.53,26.53,26.53,0
07-03-2008,26.87,26.87,26.87,26.87,0
10-03-2008,27.63,27.63,27.63,27.63,0
11-03-2008,27.98,27.98,27.98,27.98,0
12-03-2008,27.5,27.5,27.5,27.5,0
13-03-2008,27.82,27.82,27.82,27.82,0
14-03-2008,27.84,27.84,27.84,27.84,0
17-03-2008,29.31,29.31,29.31,29.31,0
18-03-2008,29.49,29.49,29.49,29.49,0
19-03-2008,30.48,30.48,30.48,30.48,0
20-03-2008,31.88,31.88,31.88,31.88,0
25-03-2008,31.1,31.1,31.1,31.1,0
26-03-2008,31.07,31.07,31.07,31.07,0
27-03-2008,30.61,30.61,30.61,30.61,0
28-03-2008,30.58,30.58,30.58,30.58,0
31-03-2008,30.41,30.41,30.41,30.41,0
01-04-2008,30.9,30.9,30.9,30.9,0
02-04-2008,30.12,30.12,30.12,30.12,0
03-04-2008,29.76,29.76,29.76,29.76,0
04-04-2008,28.85,28.85,28.85,28.85,0
07-04-2008,28.04,28.04,28.04,28.04,0
08-04-2008,27.83,27.83,27.83,27.83,0
09-04-2008,26.87,26.87,26.87,26.87,0
10-04-2008,27.97,27.97,27.97,27.97,0
11-04-2008,26.83,26.83,26.83,26.83,0
14-04-2008,26.93,26.93,26.93,26.93,0
15-04-2008,26.1,26.1,26.1,26.1,0
16-04-2008,26.25,26.25,26.25,26.25,0
17-04-2008,25.75,25.75,25.75,25.75,0
18-04-2008,25.58,25.58,25.58,25.58,0
21-04-2008,25.37,25.37,25.37,25.37,0
22-04-2008,24.64,24.64,24.64,24.64,0
23-04-2008,24.44,24.44,24.44,24.44,0
24-04-2008,23.76,23.76,23.76,23.76,0
25-04-2008,23.67,23.67,23.67,23.67,0
29-04-2008,24.24,24.24,24.24,24.24,0
30-04-2008,24.08,24.08,24.08,24.08,0
05-05-2008,23.35,23.35,23.35,23.35,0
06-05-2008,22.8,22.8,22.8,22.8,0
07-05-2008,22.65,22.65,22.65,22.65,0
08-05-2008,22.68,22.68,22.68,22.68,0
09-05-2008,22.55,22.55,22.55,22.55,0
12-05-2008,22.67,22.67,22.67,22.67,0
13-05-2008,22.75,22.75,22.75,22.75,0
14-05-2008,22.36,22.36,22.36,22.36,0
15-05-2008,21.55,21.55,21.55,21.55,0
16-05-2008,21.25,21.25,21.25,21.25,0
19-05-2008,20.63,20.63,20.63,20.63,0
20-05-2008,21.15,21.15,21.15,21.15,0
21-05-2008,20.81,20.81,20.81,20.81,0
22-05-2008,20.66,20.66,20.66,20.66,0
23-05-2008,21.63,21.63,21.63,21.63,0
26-05-2008,21.49,21.49,21.49,21.49,0
27-05-2008,22.31,22.31,22.31,22.31,0
28-05-2008,22.97,22.97,22.97,22.97,0
29-05-2008,24.17,24.17,24.17,24.17,0
30-05-2008,24.26,24.26,24.26,24.26,0
02-06-2008,24.05,24.05,24.05,24.05,0
03-06-2008,24.34,24.34,24.34,24.34,0
04-06-2008,24.77,24.77,24.77,24.77,0
05-06-2008,24.26,24.26,24.26,24.26,0
06-06-2008,24.56,24.56,24.56,24.56,0
09-06-2008,24.75,24.75,24.75,24.75,0
10-06-2008,25.79,25.79,25.79,25.79,0
11-06-2008,26.84,26.84,26.84,26.84,0
12-06-2008,25.39,25.39,25.39,25.39,0
13-06-2008,24.82,24.82,24.82,24.82,0
17-06-2008,25.13,25.13,25.13,25.13,0
18-06-2008,25.83,25.83,25.83,25.83,0
19-06-2008,25.83,25.83,25.83,25.83,0
20-06-2008,26.65,26.65,26.65,26.65,0
23-06-2008,26.77,26.77,26.77,26.77,0
24-06-2008,27.27,27.27,27.27,27.27,0
25-06-2008,27.38,27.38,27.38,27.38,0
26-06-2008,27.52,27.52,27.52,27.52,0
27-06-2008,27.52,27.52,27.52,27.52,0
30-06-2008,26.53,26.53,26.53,26.53,0
01-07-2008,27.33,27.33,27.33,27.33,0
02-07-2008,28.31,28.31,28.31,28.31,0
03-07-2008,30.58,30.58,30.58,30.58,0
04-07-2008,30.67,30.67,30.67,30.67,0
07-07-2008,30.33,30.33,30.33,30.33,0
08-07-2008,30.87,30.87,30.87,30.87,0
09-07-2008,30.57,30.57,30.57,30.57,0
10-07-2008,31.02,31.02,31.02,31.02,0
11-07-2008,31.35,31.35,31.35,31.35,0
14-07-2008,30.99,30.99,30.99,30.99,0
15-07-2008,32.05,32.05,32.05,32.05,0
16-07-2008,32.21,32.21,32.21,32.21,0
17-07-2008,30.99,30.99,30.99,30.99,0
18-07-2008,30.69,30.69,30.69,30.69,0
21-07-2008,30.54,30.54,30.54,30.54,0
22-07-2008,31.15,31.15,31.15,31.15,0
23-07-2008,30.74,30.74,30.74,30.74,0
24-07-2008,30.27,30.27,30.27,30.27,0
25-07-2008,31.36,31.36,31.36,31.36,0
28-07-2008,29.89,29.89,29.89,29.89,0
29-07-2008,29.95,29.95,29.95,29.95,0
30-07-2008,29.21,29.21,29.21,29.21,0
31-07-2008,29.4,29.4,29.4,29.4,0
01-08-2008,30.91,30.91,30.91,30.91,0
04-08-2008,32.4,32.4,32.4,32.4,0
05-08-2008,31.48,31.48,31.48,31.48,0
06-08-2008,30.53,30.53,30.53,30.53,0
07-08-2008,30.11,30.11,30.11,30.11,0
08-08-2008,30.51,30.51,30.51,30.51,0
11-08-2008,29.94,29.94,29.94,29.94,0
12-08-2008,29.92,29.92,29.92,29.92,0
13-08-2008,29.32,29.32,29.32,29.32,0
14-08-2008,28.13,28.13,28.13,28.13,0
15-08-2008,29.29,29.29,29.29,29.29,0
18-08-2008,29.52,29.52,29.52,29.52,0
19-08-2008,29.9,29.9,29.9,29.9,0
20-08-2008,29.77,29.77,29.77,29.77,0
21-08-2008,29.18,29.18,29.18,29.18,0
22-08-2008,28.42,28.42,28.42,28.42,0
25-08-2008,28.41,28.41,28.41,28.41,0
26-08-2008,28.62,28.62,28.62,28.62,0
27-08-2008,27.97,27.97,27.97,27.97,0
28-08-2008,27.76,27.76,27.76,27.76,0
29-08-2008,27.62,27.62,27.62,27.62,0
01-09-2008,27.9,27.9,27.9,27.9,0
02-09-2008,28.48,28.48,28.48,28.48,0
03-09-2008,28.94,28.94,28.94,28.94,0
04-09-2008,28.6,28.6,28.6,28.6,0
05-09-2008,31.01,31.01,31.01,31.01,0
08-09-2008,29.93,29.93,29.93,29.93,0
09-09-2008,32.95,32.95,32.95,32.95,0
10-09-2008,31.9,31.9,31.9,31.9,0
11-09-2008,30.44,30.44,30.44,30.44,0
12-09-2008,29.22,29.22,29.22,29.22,0
15-09-2008,29.79,29.79,29.79,29.79,0
16-09-2008,32.12,32.12,32.12,32.12,0
17-09-2008,33.01,33.01,33.01,33.01,0
18-09-2008,32.56,32.56,32.56,32.56,0
19-09-2008,32.33,32.33,32.33,32.33,0
22-09-2008,31.97,31.97,31.97,31.97,0
23-09-2008,33.19,33.19,33.19,33.19,0
25-09-2008,34.33,34.33,34.33,34.33,0
26-09-2008,34.82,34.82,34.82,34.82,0
29-09-2008,37.97,37.97,37.97,37.97,0
30-09-2008,37.29,37.29,37.29,37.29,0
01-10-2008,37.26,37.26,37.26,37.26,0
02-10-2008,38.48,38.48,38.48,38.48,0
03-10-2008,38.2,38.2,38.2,38.2,0
06-10-2008,40.49,40.49,40.49,40.49,0
07-10-2008,41.82,41.82,41.82,41.82,0
08-10-2008,43.19,43.19,43.19,43.19,0
09-10-2008,42.01,42.01,42.01,42.01,0
10-10-2008,45.47,45.47,45.47,45.47,0
13-10-2008,45.14,45.14,45.14,45.14,0
14-10-2008,42.83,42.83,42.83,42.83,0
15-10-2008,46.14,46.14,46.14,46.14,0
16-10-2008,46.15,46.15,46.15,46.15,0
17-10-2008,46.94,46.94,46.94,46.94,0
20-10-2008,45.53,45.53,45.53,45.53,0
21-10-2008,43.42,43.42,43.42,43.42,0
22-10-2008,45.35,45.35,45.35,45.35,0
23-10-2008,47.69,47.69,47.69,47.69,0
24-10-2008,55.53,55.53,55.53,55.53,0
27-10-2008,57.97,57.97,57.97,57.97,0
28-10-2008,53.99,53.99,53.99,53.99,0
29-10-2008,53.8,53.8,53.8,53.8,0
30-10-2008,52.22,52.22,52.22,52.22,0
31-10-2008,52.14,52.14,52.14,52.14,0
03-11-2008,50.71,50.71,50.71,50.71,0
04-11-2008,48.28,48.28,48.28,48.28,0
05-11-2008,47.45,47.45,47.45,47.45,0
06-11-2008,49.71,49.71,49.71,49.71,0
07-11-2008,50.07,50.07,50.07,50.07,0
10-11-2008,47.62,47.62,47.62,47.62,0
11-11-2008,48.89,48.89,48.89,48.89,0
12-11-2008,49.6,49.6,49.6,49.6,0
13-11-2008,52.25,52.25,52.25,52.25,0
14-11-2008,50.22,50.22,50.22,50.22,0
17-11-2008,53.01,53.01,53.01,53.01,0
18-11-2008,56.42,56.42,56.42,56.42,0
19-11-2008,55.89,55.89,55.89,55.89,0
20-11-2008,57.01,57.01,57.01,57.01,0
21-11-2008,56.23,56.23,56.23,56.23,0
24-11-2008,55.45,55.45,55.45,55.45,0
25-11-2008,52.28,52.28,52.28,52.28,0
26-11-2008,51.59,51.59,51.59,51.59,0
27-11-2008,49.04,49.04,49.04,49.04,0
28-11-2008,47.15,47.15,47.15,47.15,0
01-12-2008,49.66,49.66,49.66,49.66,0
02-12-2008,50.86,50.86,50.86,50.86,0
03-12-2008,52.2,52.2,52.2,52.2,0
04-12-2008,51.59,51.59,51.59,51.59,0
05-12-2008,51.18,51.18,51.18,51.18,0
08-12-2008,49.89,49.89,49.89,49.89,0
09-12-2008,48.14,48.14,48.14,48.14,0
10-12-2008,46.61,46.61,46.61,46.61,0
11-12-2008,47.31,47.31,47.31,47.31,0
12-12-2008,47.43,47.43,47.43,47.43,0
15-12-2008,47.73,47.73,47.73,47.73,0
17-12-2008,43.83,43.83,43.83,43.83,0
18-12-2008,43.2,43.2,43.2,43.2,0
19-12-2008,45.21,45.21,45.21,45.21,0
22-12-2008,44.42,44.42,44.42,44.42,0
23-12-2008,44.14,44.14,44.14,44.14,0
24-12-2008,44.32,44.32,44.32,44.32,0
29-12-2008,43.49,43.49,43.49,43.49,0
30-12-2008,44.62,44.62,44.62,44.62,0
31-12-2008,43.02,43.02,43.02,43.02,0
02-01-2009,42.91,42.91,42.91,42.91,0
05-01-2009,41.84,41.84,41.84,41.84,0
06-01-2009,41.14,41.14,41.14,41.14,0
07-01-2009,41.17,41.17,41.17,41.17,0
08-01-2009,42.74,42.74,42.74,42.74,0
09-01-2009,41.77,41.77,41.77,41.77,0
12-01-2009,40.39,40.39,40.39,40.39,0
13-01-2009,42.17,42.17,42.17,42.17,0
14-01-2009,43.57,43.57,43.57,43.57,0
15-01-2009,43.6,43.6,43.6,43.6,0
16-01-2009,42.41,42.41,42.41,42.41,0
19-01-2009,44.15,44.15,44.15,44.15,0
20-01-2009,44.25,44.25,44.25,44.25,0
21-01-2009,45.77,45.77,45.77,45.77,0
22-01-2009,45.93,45.93,45.93,45.93,0
23-01-2009,47.69,47.69,47.69,47.69,0
26-01-2009,44.76,44.76,44.76,44.76,0
27-01-2009,43.62,43.62,43.62,43.62,0
28-01-2009,42.18,42.18,42.18,42.18,0
29-01-2009,42.05,42.05,42.05,42.05,0
30-01-2009,41.62,41.62,41.62,41.62,0
02-02-2009,42.52,42.52,42.52,42.52,0
03-02-2009,42.65,42.65,42.65,42.65,0
04-02-2009,40.78,40.78,40.78,40.78,0
05-02-2009,40.61,40.61,40.61,40.61,0
06-02-2009,39.27,39.27,39.27,39.27,0
09-02-2009,38.04,38.04,38.04,38.04,0
10-02-2009,38.11,38.11,38.11,38.11,0
11-02-2009,38.54,38.54,38.54,38.54,0
12-02-2009,38.98,38.98,38.98,38.98,0
13-02-2009,38.16,38.16,38.16,38.16,0
16-02-2009,37.97,37.97,37.97,37.97,0
17-02-2009,39.14,39.14,39.14,39.14,0
18-02-2009,39.37,39.37,39.37,39.37,0
19-02-2009,39,39,39,39,0
20-02-2009,40.63,40.63,40.63,40.63,0
23-02-2009,39.6,39.6,39.6,39.6,0
24-02-2009,41.32,41.32,41.32,41.32,0
25-02-2009,40.69,40.69,40.69,40.69,0
26-02-2009,40.97,40.97,40.97,40.97,0
27-02-2009,42.37,42.37,42.37,42.37,0
02-03-2009,42.07,42.07,42.07,42.07,0
03-03-2009,42.47,42.47,42.47,42.47,0
04-03-2009,41.79,41.79,41.79,41.79,0
05-03-2009,42.02,42.02,42.02,42.02,0
06-03-2009,41.35,41.35,41.35,41.35,0
09-03-2009,41.18,41.18,41.18,41.18,0
10-03-2009,40.88,40.88,40.88,40.88,0
11-03-2009,39.87,39.87,39.87,39.87,0
12-03-2009,39.16,39.16,39.16,39.16,0
13-03-2009,36.97,36.97,36.97,36.97,0
16-03-2009,36.69,36.69,36.69,36.69,0
17-03-2009,37.61,37.61,37.61,37.61,0
18-03-2009,37.71,37.71,37.71,37.71,0
19-03-2009,36.5,36.5,36.5,36.5,0
20-03-2009,35.73,35.73,35.73,35.73,0
23-03-2009,32.04,32.04,32.04,32.04,0
24-03-2009,33.82,33.82,33.82,33.82,0
25-03-2009,33.45,33.45,33.45,33.45,0
26-03-2009,32.99,32.99,32.99,32.99,0
27-03-2009,33.5,33.5,33.5,33.5,0
30-03-2009,35.5,35.5,35.5,35.5,0
31-03-2009,34.02,34.02,34.02,34.02,0
01-04-2009,34.06,34.06,34.06,34.06,0
02-04-2009,32.79,32.79,32.79,32.79,0
03-04-2009,32.68,32.68,32.68,32.68,0
06-04-2009,34.01,34.01,34.01,34.01,0
07-04-2009,34.34,34.34,34.34,34.34,0
08-04-2009,33.89,33.89,33.89,33.89,0
09-04-2009,32.49,32.49,32.49,32.49,0
14-04-2009,31.73,31.73,31.73,31.73,0
15-04-2009,31.16,31.16,31.16,31.16,0
16-04-2009,32.25,32.25,32.25,32.25,0
17-04-2009,31.61,31.61,31.61,31.61,0
20-04-2009,34.21,34.21,34.21,34.21,0
21-04-2009,34.44,34.44,34.44,34.44,0
23-04-2009,33.67,33.67,33.67,33.67,0
24-04-2009,32.27,32.27,32.27,32.27,0
28-04-2009,33.76,33.76,33.76,33.76,0
29-04-2009,33.76,33.76,33.76,33.76,0
30-04-2009,32.5,32.5,32.5,32.5,0
04-05-2009,31.65,31.65,31.65,31.65,0
05-05-2009,31.03,31.03,31.03,31.03,0
06-05-2009,30.96,30.96,30.96,30.96,0
07-05-2009,30.79,30.79,30.79,30.79,0
08-05-2009,30.59,30.59,30.59,30.59,0
11-05-2009,30.57,30.57,30.57,30.57,0
12-05-2009,30.29,30.29,30.29,30.29,0
13-05-2009,31.15,31.15,31.15,31.15,0
14-05-2009,29.44,29.44,29.44,29.44,0
15-05-2009,30.38,30.38,30.38,30.38,0
18-05-2009,29.36,29.36,29.36,29.36,0
19-05-2009,28.65,28.65,28.65,28.65,0
20-05-2009,27.77,27.77,27.77,27.77,0
21-05-2009,28.59,28.59,28.59,28.59,0
22-05-2009,28.21,28.21,28.21,28.21,0
25-05-2009,28.25,28.25,28.25,28.25,0
26-05-2009,28.62,28.62,28.62,28.62,0
27-05-2009,29.62,29.62,29.62,29.62,0
28-05-2009,28.47,28.47,28.47,28.47,0
29-05-2009,27.72,27.72,27.72,27.72,0
01-06-2009,26.99,26.99,26.99,26.99,0
02-06-2009,26.36,26.36,26.36,26.36,0
03-06-2009,27.35,27.35,27.35,27.35,0
04-06-2009,28.64,28.64,28.64,28.64,0
05-06-2009,27.63,27.63,27.63,27.63,0
08-06-2009,27.85,27.85,27.85,27.85,0
09-06-2009,27.55,27.55,27.55,27.55,0
10-06-2009,27.04,27.04,27.04,27.04,0
11-06-2009,27.38,27.38,27.38,27.38,0
12-06-2009,27.5,27.5,27.5,27.5,0
15-06-2009,28.16,28.16,28.16,28.16,0
17-06-2009,29.48,29.48,29.48,29.48,0
18-06-2009,28.96,28.96,28.96,28.96,0
19-06-2009,29,29,29,29,0
22-06-2009,29.36,29.36,29.36,29.36,0
23-06-2009,29.68,29.68,29.68,29.68,0
24-06-2009,29.81,29.81,29.81,29.81,0
25-06-2009,29.21,29.21,29.21,29.21,0
26-06-2009,29.02,29.02,29.02,29.02,0
29-06-2009,29.54,29.54,29.54,29.54,0
30-06-2009,29.17,29.17,29.17,29.17,0
01-07-2009,28.44,28.44,28.44,28.44,0
02-07-2009,29.57,29.57,29.57,29.57,0
03-07-2009,29.03,29.03,29.03,29.03,0
06-07-2009,29.96,29.96,29.96,29.96,0
07-07-2009,30.2,30.2,30.2,30.2,0
08-07-2009,29.9,29.9,29.9,29.9,0
09-07-2009,29.46,29.46,29.46,29.46,0
10-07-2009,29.45,29.45,29.45,29.45,0
13-07-2009,29.28,29.28,29.28,29.28,0
14-07-2009,28.47,28.47,28.47,28.47,0
15-07-2009,27.12,27.12,27.12,27.12,0
16-07-2009,27.11,27.11,27.11,27.11,0
17-07-2009,27.01,27.01,27.01,27.01,0
20-07-2009,26.14,26.14,26.14,26.14,0
21-07-2009,25.64,25.64,25.64,25.64,0
22-07-2009,26.08,26.08,26.08,26.08,0
23-07-2009,25.76,25.76,25.76,25.76,0
24-07-2009,25.35,25.35,25.35,25.35,0
27-07-2009,25.42,25.42,25.42,25.42,0
28-07-2009,25.19,25.19,25.19,25.19,0
29-07-2009,25.67,25.67,25.67,25.67,0
30-07-2009,25.18,25.18,25.18,25.18,0
31-07-2009,25,25,25,25,0
03-08-2009,24.55,24.55,24.55,24.55,0
04-08-2009,24.65,24.65,24.65,24.65,0
05-08-2009,24.2,24.2,24.2,24.2,0
06-08-2009,24.51,24.51,24.51,24.51,0
07-08-2009,24.22,24.22,24.22,24.22,0
11-08-2009,24.93,24.93,24.93,24.93,0
12-08-2009,24.92,24.92,24.92,24.92,0
13-08-2009,23.59,23.59,23.59,23.59,0
14-08-2009,23.21,23.21,23.21,23.21,0
17-08-2009,25.47,25.47,25.47,25.47,0
18-08-2009,24.92,24.92,24.92,24.92,0
19-08-2009,25.19,25.19,25.19,25.19,0
20-08-2009,24.66,24.66,24.66,24.66,0
21-08-2009,24.34,24.34,24.34,24.34,0
24-08-2009,23.66,23.66,23.66,23.66,0
25-08-2009,23.8,23.8,23.8,23.8,0
26-08-2009,23.9,23.9,23.9,23.9,0
27-08-2009,24.99,24.99,24.99,24.99,0
28-08-2009,24.14,24.14,24.14,24.14,0
31-08-2009,23.37,23.37,23.37,23.37,0
01-09-2009,24.65,24.65,24.65,24.65,0
02-09-2009,26.23,26.23,26.23,26.23,0
03-09-2009,26.11,26.11,26.11,26.11,0
04-09-2009,25.78,25.78,25.78,25.78,0
07-09-2009,25.31,25.31,25.31,25.31,0
08-09-2009,24.61,24.61,24.61,24.61,0
09-09-2009,24.1,24.1,24.1,24.1,0
10-09-2009,24.25,24.25,24.25,24.25,0
11-09-2009,23.82,23.82,23.82,23.82,0
14-09-2009,24.46,24.46,24.46,24.46,0
15-09-2009,24.06,24.06,24.06,24.06,0
16-09-2009,23.9,23.9,23.9,23.9,0
17-09-2009,23.17,23.17,23.17,23.17,0
18-09-2009,22.92,22.92,22.92,22.92,0
21-09-2009,23.7,23.7,23.7,23.7,0
22-09-2009,22.74,22.74,22.74,22.74,0
23-09-2009,22.75,22.75,22.75,22.75,0
25-09-2009,23.37,23.37,23.37,23.37,0
28-09-2009,24.09,24.09,24.09,24.09,0
29-09-2009,23.2,23.2,23.2,23.2,0
30-09-2009,23.24,23.24,23.24,23.24,0
01-10-2009,23.44,23.44,23.44,23.44,0
02-10-2009,24.01,24.01,24.01,24.01,0
05-10-2009,24.15,24.15,24.15,24.15,0
06-10-2009,23.42,23.42,23.42,23.42,0
07-10-2009,22.96,22.96,22.96,22.96,0
08-10-2009,22.31,22.31,22.31,22.31,0
09-10-2009,21.72,21.72,21.72,21.72,0
12-10-2009,22.05,22.05,22.05,22.05,0
13-10-2009,21.65,21.65,21.65,21.65,0
14-10-2009,21.13,21.13,21.13,21.13,0
15-10-2009,21.05,21.05,21.05,21.05,0
16-10-2009,21.35,21.35,21.35,21.35,0
19-10-2009,21,21,21,21,0
20-10-2009,20.67,20.67,20.67,20.67,0
21-10-2009,20.39,20.39,20.39,20.39,0
22-10-2009,20.49,20.49,20.49,20.49,0
23-10-2009,20.33,20.33,20.33,20.33,0
26-10-2009,20.42,20.42,20.42,20.42,0
27-10-2009,21.47,21.47,21.47,21.47,0
28-10-2009,21.97,21.97,21.97,21.97,0
29-10-2009,21.58,21.58,21.58,21.58,0
30-10-2009,22.22,22.22,22.22,22.22,0
02-11-2009,23.78,23.78,23.78,23.78,0
03-11-2009,24.78,24.78,24.78,24.78,0
04-11-2009,24.58,24.58,24.58,24.58,0
05-11-2009,24.52,24.52,24.52,24.52,0
06-11-2009,24.89,24.89,24.89,24.89,0
09-11-2009,23.98,23.98,23.98,23.98,0
10-11-2009,23.57,23.57,23.57,23.57,0
11-11-2009,22.85,22.85,22.85,22.85,0
12-11-2009,22.95,22.95,22.95,22.95,0
13-11-2009,22.8,22.8,22.8,22.8,0
16-11-2009,22.22,22.22,22.22,22.22,0
17-11-2009,21.96,21.96,21.96,21.96,0
18-11-2009,21.95,21.95,21.95,21.95,0
19-11-2009,21.8,21.8,21.8,21.8,0
20-11-2009,22,22,22,22,0
23-11-2009,21.27,21.27,21.27,21.27,0
24-11-2009,21.16,21.16,21.16,21.16,0
25-11-2009,21.83,21.83,21.83,21.83,0
26-11-2009,22.63,22.63,22.63,22.63,0
27-11-2009,23.66,23.66,23.66,23.66,0
30-11-2009,23.61,23.61,23.61,23.61,0
01-12-2009,22.84,22.84,22.84,22.84,0
02-12-2009,22.21,22.21,22.21,22.21,0
03-12-2009,22.3,22.3,22.3,22.3,0
04-12-2009,22.29,22.29,22.29,22.29,0
07-12-2009,22.83,22.83,22.83,22.83,0
08-12-2009,23.57,23.57,23.57,23.57,0
09-12-2009,23.28,23.28,23.28,23.28,0
10-12-2009,23.66,23.66,23.66,23.66,0
11-12-2009,23.13,23.13,23.13,23.13,0
14-12-2009,22.66,22.66,22.66,22.66,0
15-12-2009,23.13,23.13,23.13,23.13,0
17-12-2009,22.75,22.75,22.75,22.75,0
18-12-2009,23.24,23.24,23.24,23.24,0
21-12-2009,22.75,22.75,22.75,22.75,0
22-12-2009,22.5,22.5,22.5,22.5,0
23-12-2009,22.83,22.83,22.83,22.83,0
24-12-2009,22.71,22.71,22.71,22.71,0
28-12-2009,22.01,22.01,22.01,22.01,0
29-12-2009,22.27,22.27,22.27,22.27,0
30-12-2009,22.5,22.5,22.5,22.5,0
31-12-2009,23.5,23.5,23.5,23.5,0
04-01-2010,21.96,21.96,21.96,21.96,0
05-01-2010,22.33,22.33,22.33,22.33,0
06-01-2010,21.72,21.72,21.72,21.72,0
07-01-2010,21.82,21.82,21.82,21.82,0
08-01-2010,21.45,21.45,21.45,21.45,0
11-01-2010,21.06,21.06,21.06,21.06,0
12-01-2010,21.26,21.26,21.26,21.26,0
13-01-2010,21.1,21.1,21.1,21.1,0
14-01-2010,21.08,21.08,21.08,21.08,0
15-01-2010,21.57,21.57,21.57,21.57,0
18-01-2010,21.1,21.1,21.1,21.1,0
19-01-2010,21.23,21.23,21.23,21.23,0
20-01-2010,21.41,21.41,21.41,21.41,0
21-01-2010,22.15,22.15,22.15,22.15,0
22-01-2010,23.29,23.29,23.29,23.29,0
25-01-2010,23.22,23.22,23.22,23.22,0
26-01-2010,24.45,24.45,24.45,24.45,0
27-01-2010,24.53,24.53,24.53,24.53,0
28-01-2010,24.38,24.38,24.38,24.38,0
29-01-2010,24.3,24.3,24.3,24.3,0
01-02-2010,24.64,24.64,24.64,24.64,0
02-02-2010,23.52,23.52,23.52,23.52,0
03-02-2010,23.37,23.37,23.37,23.37,0
04-02-2010,23.98,23.98,23.98,23.98,0
05-02-2010,26.86,26.86,26.86,26.86,0
08-02-2010,26.29,26.29,26.29,26.29,0
09-02-2010,25.48,25.48,25.48,25.48,0
10-02-2010,25.33,25.33,25.33,25.33,0
11-02-2010,26.05,26.05,26.05,26.05,0
12-02-2010,26.04,26.04,26.04,26.04,0
15-02-2010,25.12,25.12,25.12,25.12,0
16-02-2010,24.48,24.48,24.48,24.48,0
17-02-2010,23.58,23.58,23.58,23.58,0
18-02-2010,23.68,23.68,23.68,23.68,0
19-02-2010,23.86,23.86,23.86,23.86,0
22-02-2010,23.54,23.54,23.54,23.54,0
23-02-2010,24.33,24.33,24.33,24.33,0
24-02-2010,24.48,24.48,24.48,24.48,0
25-02-2010,25.13,25.13,25.13,25.13,0
26-02-2010,25.11,25.11,25.11,25.11,0
01-03-2010,24.12,24.12,24.12,24.12,0
02-03-2010,23.63,23.63,23.63,23.63,0
03-03-2010,23.63,23.63,23.63,23.63,0
04-03-2010,22.26,22.26,22.26,22.26,0
05-03-2010,22.08,22.08,22.08,22.08,0
08-03-2010,21.29,21.29,21.29,21.29,0
09-03-2010,21.54,21.54,21.54,21.54,0
10-03-2010,21.35,21.35,21.35,21.35,0
11-03-2010,21.62,21.62,21.62,21.62,0
12-03-2010,21.34,21.34,21.34,21.34,0
15-03-2010,21.25,21.25,21.25,21.25,0
16-03-2010,21.59,21.59,21.59,21.59,0
17-03-2010,20.74,20.74,20.74,20.74,0
18-03-2010,20.56,20.56,20.56,20.56,0
19-03-2010,20.35,20.35,20.35,20.35,0
23-03-2010,20.3,20.3,20.3,20.3,0
24-03-2010,20.2,20.2,20.2,20.2,0
25-03-2010,19.39,19.39,19.39,19.39,0
26-03-2010,19.54,19.54,19.54,19.54,0
29-03-2010,19.83,19.83,19.83,19.83,0
30-03-2010,19.19,19.19,19.19,19.19,0
31-03-2010,19.56,19.56,19.56,19.56,0
01-04-2010,19.09,19.09,19.09,19.09,0
06-04-2010,18.62,18.62,18.62,18.62,0
07-04-2010,18.66,18.66,18.66,18.66,0
08-04-2010,19.11,19.11,19.11,19.11,0
09-04-2010,18.66,18.66,18.66,18.66,0
12-04-2010,18.79,18.79,18.79,18.79,0
13-04-2010,19.15,19.15,19.15,19.15,0
14-04-2010,19.24,19.24,19.24,19.24,0
15-04-2010,19.17,19.17,19.17,19.17,0
16-04-2010,19.67,19.67,19.67,19.67,0
19-04-2010,21.68,21.68,21.68,21.68,0
20-04-2010,20.38,20.38,20.38,20.38,0
21-04-2010,20.4,20.4,20.4,20.4,0
22-04-2010,20.66,20.66,20.66,20.66,0
23-04-2010,20.93,20.93,20.93,20.93,0
26-04-2010,20.17,20.17,20.17,20.17,0
28-04-2010,24.5,24.5,24.5,24.5,0
29-04-2010,22.5,22.5,22.5,22.5,0
30-04-2010,23,23,23,23,0
03-05-2010,22.75,22.75,22.75,22.75,0
04-05-2010,25.5,25.5,25.5,25.5,0
05-05-2010,26.97,26.97,26.97,26.97,0
06-05-2010,27.46,27.46,27.46,27.46,0
07-05-2010,30.03,30.03,30.03,30.03,0
10-05-2010,29.58,29.58,29.58,29.58,0
11-05-2010,27.95,27.95,27.95,27.95,0
12-05-2010,27.1,27.1,27.1,27.1,0
13-05-2010,26.38,26.38,26.38,26.38,0
14-05-2010,29.61,29.61,29.61,29.61,0
17-05-2010,29.57,29.57,29.57,29.57,0
18-05-2010,27.5,27.5,27.5,27.5,0
19-05-2010,29.14,29.14,29.14,29.14,0
20-05-2010,33.13,33.13,33.13,33.13,0
21-05-2010,31.25,31.25,31.25,31.25,0
24-05-2010,31.04,31.04,31.04,31.04,0
25-05-2010,32.13,32.13,32.13,32.13,0
26-05-2010,31,31,31,31,0
27-05-2010,29.81,29.81,29.81,29.81,0
28-05-2010,28.14,28.14,28.14,28.14,0
31-05-2010,29.14,29.14,29.14,29.14,0
01-06-2010,29.44,29.44,29.44,29.44,0
02-06-2010,29.57,29.57,29.57,29.57,0
03-06-2010,28.29,28.29,28.29,28.29,0
04-06-2010,30.06,30.06,30.06,30.06,0
07-06-2010,30.34,30.34,30.34,30.34,0
08-06-2010,30.05,30.05,30.05,30.05,0
09-06-2010,29.54,29.54,29.54,29.54,0
10-06-2010,29.75,29.75,29.75,29.75,0
11-06-2010,29.17,29.17,29.17,29.17,0
14-06-2010,28.08,28.08,28.08,28.08,0
15-06-2010,27.76,27.76,27.76,27.76,0
17-06-2010,25.75,25.75,25.75,25.75,0
18-06-2010,26.5,26.5,26.5,26.5,0
21-06-2010,27.45,27.45,27.45,27.45,0
22-06-2010,27.68,27.68,27.68,27.68,0
23-06-2010,28.43,28.43,28.43,28.43,0
24-06-2010,28.63,28.63,28.63,28.63,0
25-06-2010,28.8,28.8,28.8,28.8,0
28-06-2010,28.83,28.83,28.83,28.83,0
29-06-2010,29.98,29.98,29.98,29.98,0
30-06-2010,30.45,30.45,30.45,30.45,0
01-07-2010,32.01,32.01,32.01,32.01,0
02-07-2010,31.51,31.51,31.51,31.51,0
05-07-2010,31.72,31.72,31.72,31.72,0
06-07-2010,31.22,31.22,31.22,31.22,0
07-07-2010,30.95,30.95,30.95,30.95,0
08-07-2010,30.66,30.66,30.66,30.66,0
09-07-2010,30.64,30.64,30.64,30.64,0
12-07-2010,30.61,30.61,30.61,30.61,0
13-07-2010,30.22,30.22,30.22,30.22,0
14-07-2010,30.32,30.32,30.32,30.32,0
15-07-2010,30.07,30.07,30.07,30.07,0
16-07-2010,30.05,30.05,30.05,30.05,0
19-07-2010,30.27,30.27,30.27,30.27,0
20-07-2010,30.01,30.01,30.01,30.01,0
21-07-2010,28.14,28.14,28.14,28.14,0
22-07-2010,26.54,26.54,26.54,26.54,0
23-07-2010,26.28,26.28,26.28,26.28,0
26-07-2010,25.51,25.51,25.51,25.51,0
27-07-2010,25.74,25.74,25.74,25.74,0
28-07-2010,25.74,25.74,25.74,25.74,0
29-07-2010,25.5,25.5,25.5,25.5,0
30-07-2010,26,26,26,26,0
02-08-2010,24.99,24.99,24.99,24.99,0
03-08-2010,25.24,25.24,25.24,25.24,0
04-08-2010,24.68,24.68,24.68,24.68,0
05-08-2010,24.7,24.7,24.7,24.7,0
06-08-2010,25.2,25.2,25.2,25.2,0
10-08-2010,25.73,25.73,25.73,25.73,0
11-08-2010,26.51,26.51,26.51,26.51,0
12-08-2010,26.64,26.64,26.64,26.64,0
13-08-2010,26.63,26.63,26.63,26.63,0
16-08-2010,26.58,26.58,26.58,26.58,0
17-08-2010,26.29,26.29,26.29,26.29,0
18-08-2010,26.82,26.82,26.82,26.82,0
19-08-2010,26.79,26.79,26.79,26.79,0
20-08-2010,27.04,27.04,27.04,27.04,0
23-08-2010,26.51,26.51,26.51,26.51,0
24-08-2010,26.63,26.63,26.63,26.63,0
25-08-2010,27.87,27.87,27.87,27.87,0
26-08-2010,27.34,27.34,27.34,27.34,0
27-08-2010,27.61,27.61,27.61,27.61,0
30-08-2010,27.33,27.33,27.33,27.33,0
31-08-2010,27.33,27.33,27.33,27.33,0
01-09-2010,26.33,26.33,26.33,26.33,0
02-09-2010,26.58,26.58,26.58,26.58,0
03-09-2010,26.34,26.34,26.34,26.34,0
06-09-2010,26.08,26.08,26.08,26.08,0
07-09-2010,26.58,26.58,26.58,26.58,0
08-09-2010,26.08,26.08,26.08,26.08,0
09-09-2010,26.08,26.08,26.08,26.08,0
10-09-2010,25.84,25.84,25.84,25.84,0
13-09-2010,25.33,25.33,25.33,25.33,0
14-09-2010,25.07,25.07,25.07,25.07,0
15-09-2010,25.09,25.09,25.09,25.09,0
16-09-2010,24.14,24.14,24.14,24.14,0
17-09-2010,24.37,24.37,24.37,24.37,0
20-09-2010,23.86,23.86,23.86,23.86,0
21-09-2010,24.7,24.7,24.7,24.7,0
22-09-2010,24.7,24.7,24.7,24.7,0
23-09-2010,24.74,24.74,24.74,24.74,0
27-09-2010,24.28,24.28,24.28,24.28,0
28-09-2010,24.2,24.2,24.2,24.2,0
29-09-2010,24.21,24.21,24.21,24.21,0
30-09-2010,23.56,23.56,23.56,23.56,0
01-10-2010,23.97,23.97,23.97,23.97,0
04-10-2010,23.81,23.81,23.81,23.81,0
05-10-2010,23.3,23.3,23.3,23.3,0
06-10-2010,23.05,23.05,23.05,23.05,0
07-10-2010,23.6,23.6,23.6,23.6,0
08-10-2010,23.09,23.09,23.09,23.09,0
11-10-2010,22.95,22.95,22.95,22.95,0
12-10-2010,23.17,23.17,23.17,23.17,0
13-10-2010,22.54,22.54,22.54,22.54,0
14-10-2010,22.58,22.58,22.58,22.58,0
15-10-2010,22.84,22.84,22.84,22.84,0
18-10-2010,22.67,22.67,22.67,22.67,0
19-10-2010,23.09,23.09,23.09,23.09,0
20-10-2010,22.84,22.84,22.84,22.84,0
21-10-2010,22.36,22.36,22.36,22.36,0
22-10-2010,22.88,22.88,22.88,22.88,0
25-10-2010,22.61,22.61,22.61,22.61,0
26-10-2010,22.98,22.98,22.98,22.98,0
27-10-2010,23.24,23.24,23.24,23.24,0
28-10-2010,22.95,22.95,22.95,22.95,0
29-10-2010,22.63,22.63,22.63,22.63,0
01-11-2010,22.36,22.36,22.36,22.36,0
02-11-2010,22.37,22.37,22.37,22.37,0
03-11-2010,22.12,22.12,22.12,22.12,0
04-11-2010,21.38,21.38,21.38,21.38,0
05-11-2010,21.43,21.43,21.43,21.43,0
08-11-2010,21.41,21.41,21.41,21.41,0
09-11-2010,20.68,20.68,20.68,20.68,0
10-11-2010,21.2,21.2,21.2,21.2,0
11-11-2010,20.97,20.97,20.97,20.97,0
12-11-2010,20.95,20.95,20.95,20.95,0
15-11-2010,20.7,20.7,20.7,20.7,0
16-11-2010,21.22,21.22,21.22,21.22,0
17-11-2010,21.48,21.48,21.48,21.48,0
18-11-2010,20.99,20.99,20.99,20.99,0
19-11-2010,21.25,21.25,21.25,21.25,0
22-11-2010,21.25,21.25,21.25,21.25,0
23-11-2010,22.03,22.03,22.03,22.03,0
24-11-2010,22.26,22.26,22.26,22.26,0
25-11-2010,22.01,22.01,22.01,22.01,0
26-11-2010,22.27,22.27,22.27,22.27,0
29-11-2010,23.02,23.02,23.02,23.02,0
30-11-2010,23.54,23.54,23.54,23.54,0
01-12-2010,22.78,22.78,22.78,22.78,0
02-12-2010,23.31,23.31,23.31,23.31,0
03-12-2010,23.82,23.82,23.82,23.82,0
06-12-2010,23.8,23.8,23.8,23.8,0
07-12-2010,23.32,23.32,23.32,23.32,0
08-12-2010,23.32,23.32,23.32,23.32,0
09-12-2010,23.32,23.32,23.32,23.32,0
10-12-2010,23.32,23.32,23.32,23.32,0
13-12-2010,23.32,23.32,23.32,23.32,0
14-12-2010,23.32,23.32,23.32,23.32,0
15-12-2010,23.32,23.32,23.32,23.32,0
17-12-2010,23.82,23.82,23.82,23.82,0
20-12-2010,22.83,22.83,22.83,22.83,0
21-12-2010,20.99,20.99,20.99,20.99,0
22-12-2010,21.45,21.45,21.45,21.45,0
23-12-2010,21.53,21.53,21.53,21.53,0
24-12-2010,21.55,21.55,21.55,21.55,0
28-12-2010,21.8,21.8,21.8,21.8,0
29-12-2010,21.56,21.56,21.56,21.56,0
30-12-2010,21.4,21.4,21.4,21.4,0
31-12-2010,21.66,21.66,21.66,21.66,0
03-01-2011,21.5,21.5,21.5,21.5,0
04-01-2011,21.27,21.27,21.27,21.27,0
05-01-2011,21.96,21.96,21.96,21.96,0
06-01-2011,21.97,21.97,21.97,21.97,0
07-01-2011,22.3,22.3,22.3,22.3,0
10-01-2011,22.69,22.69,22.69,22.69,0
11-01-2011,21.8,21.8,21.8,21.8,0
12-01-2011,21.3,21.3,21.3,21.3,0
13-01-2011,21.06,21.06,21.06,21.06,0
14-01-2011,21.02,21.02,21.02,21.02,0
17-01-2011,22.77,22.77,22.77,22.77,0
18-01-2011,21.59,21.59,21.59,21.59,0
19-01-2011,21.86,21.86,21.86,21.86,0
20-01-2011,21.93,21.93,21.93,21.93,0
21-01-2011,22.47,22.47,22.47,22.47,0
24-01-2011,23.44,23.44,23.44,23.44,0
25-01-2011,23.88,23.88,23.88,23.88,0
26-01-2011,23.56,23.56,23.56,23.56,0
27-01-2011,23.31,23.31,23.31,23.31,0
28-01-2011,24.32,24.32,24.32,24.32,0
31-01-2011,24.62,24.62,24.62,24.62,0
01-02-2011,23.76,23.76,23.76,23.76,0
02-02-2011,22.92,22.92,22.92,22.92,0
03-02-2011,22.41,22.41,22.41,22.41,0
04-02-2011,22.16,22.16,22.16,22.16,0
07-02-2011,22.43,22.43,22.43,22.43,0
08-02-2011,22.12,22.12,22.12,22.12,0
09-02-2011,22.38,22.38,22.38,22.38,0
10-02-2011,22.65,22.65,22.65,22.65,0
11-02-2011,21.88,21.88,21.88,21.88,0
14-02-2011,21.13,21.13,21.13,21.13,0
15-02-2011,21.13,21.13,21.13,21.13,0
16-02-2011,20.66,20.66,20.66,20.66,0
17-02-2011,20.66,20.66,20.66,20.66,0
18-02-2011,20.92,20.92,20.92,20.92,0
21-02-2011,20.67,20.67,20.67,20.67,0
22-02-2011,21.12,21.12,21.12,21.12,0
23-02-2011,21.12,21.12,21.12,21.12,0
24-02-2011,22.94,22.94,22.94,22.94,0
25-02-2011,23.47,23.47,23.47,23.47,0
28-02-2011,23.19,23.19,23.19,23.19,0
01-03-2011,23.45,23.45,23.45,23.45,0
02-03-2011,23.19,23.19,23.19,23.19,0
03-03-2011,22.68,22.68,22.68,22.68,0
04-03-2011,22.68,22.68,22.68,22.68,0
07-03-2011,22.68,22.68,22.68,22.68,0
08-03-2011,23.06,23.06,23.06,23.06,0
09-03-2011,23.31,23.31,23.31,23.31,0
10-03-2011,24.57,24.57,24.57,24.57,0
11-03-2011,24.08,24.08,24.08,24.08,0
14-03-2011,25.39,25.39,25.39,25.39,0
15-03-2011,27.33,27.33,27.33,27.33,0
16-03-2011,26.88,26.88,26.88,26.88,0
17-03-2011,25.9,25.9,25.9,25.9,0
18-03-2011,26.17,26.17,26.17,26.17,0
22-03-2011,25.8,25.8,25.8,25.8,0
23-03-2011,23.31,23.31,23.31,23.31,0
24-03-2011,23.1,23.1,23.1,23.1,0
25-03-2011,23.04,23.04,23.04,23.04,0
28-03-2011,23.29,23.29,23.29,23.29,0
29-03-2011,23.03,23.03,23.03,23.03,0
30-03-2011,22.52,22.52,22.52,22.52,0
31-03-2011,22.52,22.52,22.52,22.52,0
01-04-2011,22.28,22.28,22.28,22.28,0
04-04-2011,22.27,22.27,22.27,22.27,0
05-04-2011,21.12,21.12,21.12,21.12,0
06-04-2011,20.86,20.86,20.86,20.86,0
07-04-2011,21.12,21.12,21.12,21.12,0
08-04-2011,20.89,20.89,20.89,20.89,0
11-04-2011,20.88,20.88,20.88,20.88,0
12-04-2011,21.44,21.44,21.44,21.44,0
13-04-2011,21.44,21.44,21.44,21.44,0
14-04-2011,21.45,21.45,21.45,21.45,0
15-04-2011,21.72,21.72,21.72,21.72,0
18-04-2011,23.58,23.58,23.58,23.58,0
19-04-2011,22.56,22.56,22.56,22.56,0
20-04-2011,20.69,20.69,20.69,20.69,0
21-04-2011,20.44,20.44,20.44,20.44,0
26-04-2011,20.43,20.43,20.43,20.43,0
28-04-2011,20.43,20.43,20.43,20.43,0
29-04-2011,20.43,20.43,20.43,20.43,0
03-05-2011,21.19,21.19,21.19,21.19,0
04-05-2011,21.7,21.7,21.7,21.7,0
05-05-2011,21.98,21.98,21.98,21.98,0
06-05-2011,21.48,21.48,21.48,21.48,0
09-05-2011,21.98,21.98,21.98,21.98,0
10-05-2011,21.4,21.4,21.4,21.4,0
11-05-2011,21.43,21.43,21.43,21.43,0
12-05-2011,21.95,21.95,21.95,21.95,0
13-05-2011,21.69,21.69,21.69,21.69,0
16-05-2011,21.43,21.43,21.43,21.43,0
17-05-2011,21.71,21.71,21.71,21.71,0
19-05-2011,21.71,21.71,21.71,21.71,0
20-05-2011,21.73,21.73,21.73,21.73,0
23-05-2011,22.48,22.48,22.48,22.48,0
24-05-2011,22.31,22.31,22.31,22.31,0
25-05-2011,22.3,22.3,22.3,22.3,0
26-05-2011,21.81,21.81,21.81,21.81,0
27-05-2011,21.56,21.56,21.56,21.56,0
30-05-2011,21.55,21.55,21.55,21.55,0
31-05-2011,21.29,21.29,21.29,21.29,0
01-06-2011,21.55,21.55,21.55,21.55,0
02-06-2011,22.35,22.35,22.35,22.35,0
03-06-2011,22.86,22.86,22.86,22.86,0
06-06-2011,22.84,22.84,22.84,22.84,0
07-06-2011,22.34,22.34,22.34,22.34,0
08-06-2011,22.6,22.6,22.6,22.6,0
09-06-2011,22.61,22.61,22.61,22.61,0
10-06-2011,23.38,23.38,23.38,23.38,0
13-06-2011,23.11,23.11,23.11,23.11,0
14-06-2011,23.11,23.11,23.11,23.11,0
15-06-2011,23.86,23.86,23.86,23.86,0
17-06-2011,24.62,24.62,24.62,24.62,0
20-06-2011,24.59,24.59,24.59,24.59,0
21-06-2011,24.11,24.11,24.11,24.11,0
22-06-2011,24.33,24.33,24.33,24.33,0
23-06-2011,24.84,24.84,24.84,24.84,0
24-06-2011,24.33,24.33,24.33,24.33,0
27-06-2011,23.86,23.86,23.86,23.86,0
28-06-2011,23.35,23.35,23.35,23.35,0
29-06-2011,22.84,22.84,22.84,22.84,0
30-06-2011,22.65,22.65,22.65,22.65,0
01-07-2011,22.68,22.68,22.68,22.68,0
04-07-2011,22.41,22.41,22.41,22.41,0
05-07-2011,22.16,22.16,22.16,22.16,0
06-07-2011,21.13,21.13,21.13,21.13,0
07-07-2011,20.87,20.87,20.87,20.87,0
08-07-2011,21.42,21.42,21.42,21.42,0
11-07-2011,21.66,21.66,21.66,21.66,0
12-07-2011,22.09,22.09,22.09,22.09,0
13-07-2011,21.82,21.82,21.82,21.82,0
14-07-2011,21.81,21.81,21.81,21.81,0
15-07-2011,21.89,21.89,21.89,21.89,0
18-07-2011,22.39,22.39,22.39,22.39,0
19-07-2011,22.14,22.14,22.14,22.14,0
20-07-2011,22.15,22.15,22.15,22.15,0
21-07-2011,21.9,21.9,21.9,21.9,0
22-07-2011,22.19,22.19,22.19,22.19,0
25-07-2011,22.18,22.18,22.18,22.18,0
26-07-2011,22.31,22.31,22.31,22.31,0
27-07-2011,22.84,22.84,22.84,22.84,0
28-07-2011,22.91,22.91,22.91,22.91,0
29-07-2011,23.71,23.71,23.71,23.71,0
01-08-2011,23.19,23.19,23.19,23.19,0
02-08-2011,23.25,23.25,23.25,23.25,0
03-08-2011,23.76,23.76,23.76,23.76,0
04-08-2011,24.83,24.83,24.83,24.83,0
05-08-2011,25.35,25.35,25.35,25.35,0
08-08-2011,27.09,27.09,27.09,27.09,0
10-08-2011,28.49,28.49,28.49,28.49,0
11-08-2011,28.69,28.69,28.69,28.69,0
12-08-2011,28.68,28.68,28.68,28.68,0
15-08-2011,28.14,28.14,28.14,28.14,0
16-08-2011,28.4,28.4,28.4,28.4,0
17-08-2011,28.12,28.12,28.12,28.12,0
18-08-2011,29.4,29.4,29.4,29.4,0
19-08-2011,29.7,29.7,29.7,29.7,0
22-08-2011,29.41,29.41,29.41,29.41,0
23-08-2011,29.66,29.66,29.66,29.66,0
24-08-2011,29.14,29.14,29.14,29.14,0
25-08-2011,29.49,29.49,29.49,29.49,0
26-08-2011,29.47,29.47,29.47,29.47,0
29-08-2011,28.19,28.19,28.19,28.19,0
30-08-2011,28.18,28.18,28.18,28.18,0
31-08-2011,27.42,27.42,27.42,27.42,0
01-09-2011,27.41,27.41,27.41,27.41,0
02-09-2011,28.16,28.16,28.16,28.16,0
05-09-2011,28.88,28.88,28.88,28.88,0
06-09-2011,29.37,29.37,29.37,29.37,0
07-09-2011,27.89,27.89,27.89,27.89,0
08-09-2011,27.38,27.38,27.38,27.38,0
09-09-2011,29.36,29.36,29.36,29.36,0
12-09-2011,30.09,30.09,30.09,30.09,0
13-09-2011,31.51,31.51,31.51,31.51,0
14-09-2011,31.96,31.96,31.96,31.96,0
15-09-2011,31.18,31.18,31.18,31.18,0
16-09-2011,30.71,30.71,30.71,30.71,0
19-09-2011,30.65,30.65,30.65,30.65,0
20-09-2011,29.89,29.89,29.89,29.89,0
21-09-2011,28.29,28.29,28.29,28.29,0
22-09-2011,29.94,29.94,29.94,29.94,0
23-09-2011,30.26,30.26,30.26,30.26,0
26-09-2011,30.71,30.71,30.71,30.71,0
27-09-2011,29.38,29.38,29.38,29.38,0
28-09-2011,30.02,30.02,30.02,30.02,0
29-09-2011,31.19,31.19,31.19,31.19,0
30-09-2011,32.65,32.65,32.65,32.65,0
03-10-2011,32.21,32.21,32.21,32.21,0
04-10-2011,34.07,34.07,34.07,34.07,0
05-10-2011,34.06,34.06,34.06,34.06,0
06-10-2011,33.32,33.32,33.32,33.32,0
07-10-2011,32.92,32.92,32.92,32.92,0
10-10-2011,31.92,31.92,31.92,31.92,0
11-10-2011,31.37,31.37,31.37,31.37,0
12-10-2011,30.49,30.49,30.49,30.49,0
13-10-2011,30.95,30.95,30.95,30.95,0
14-10-2011,30.46,30.46,30.46,30.46,0
17-10-2011,30.25,30.25,30.25,30.25,0
18-10-2011,30.32,30.32,30.32,30.32,0
19-10-2011,29.93,29.93,29.93,29.93,0
20-10-2011,30.48,30.48,30.48,30.48,0
21-10-2011,28.92,28.92,28.92,28.92,0
24-10-2011,28.72,28.72,28.72,28.72,0
25-10-2011,28.78,28.78,28.78,28.78,0
26-10-2011,28.89,28.89,28.89,28.89,0
27-10-2011,26.89,26.89,26.89,26.89,0
28-10-2011,25.18,25.18,25.18,25.18,0
31-10-2011,26.01,26.01,26.01,26.01,0
01-11-2011,27.81,27.81,27.81,27.81,0
02-11-2011,27.81,27.81,27.81,27.81,0
03-11-2011,26.39,26.39,26.39,26.39,0
04-11-2011,26.88,26.88,26.88,26.88,0
07-11-2011,26.07,26.07,26.07,26.07,0
08-11-2011,25.6,25.6,25.6,25.6,0
09-11-2011,26.84,26.84,26.84,26.84,0
10-11-2011,26.56,26.56,26.56,26.56,0
11-11-2011,26.55,26.55,26.55,26.55,0
14-11-2011,26.28,26.28,26.28,26.28,0
15-11-2011,25.78,25.78,25.78,25.78,0
16-11-2011,25.78,25.78,25.78,25.78,0
17-11-2011,26.28,26.28,26.28,26.28,0
18-11-2011,27.05,27.05,27.05,27.05,0
21-11-2011,28.78,28.78,28.78,28.78,0
22-11-2011,27.83,27.83,27.83,27.83,0
23-11-2011,28.56,28.56,28.56,28.56,0
24-11-2011,28.06,28.06,28.06,28.06,0
25-11-2011,28.05,28.05,28.05,28.05,0
28-11-2011,27.04,27.04,27.04,27.04,0
29-11-2011,27.53,27.53,27.53,27.53,0
30-11-2011,25.78,25.78,25.78,25.78,0
01-12-2011,25.78,25.78,25.78,25.78,0
02-12-2011,25.78,25.78,25.78,25.78,0
05-12-2011,25.51,25.51,25.51,25.51,0
06-12-2011,25.51,25.51,25.51,25.51,0
07-12-2011,25.52,25.52,25.52,25.52,0
08-12-2011,25.77,25.77,25.77,25.77,0
09-12-2011,25.77,25.77,25.77,25.77,0
12-12-2011,26.51,26.51,26.51,26.51,0
13-12-2011,26.77,26.77,26.77,26.77,0
14-12-2011,27.49,27.49,27.49,27.49,0
15-12-2011,26.99,26.99,26.99,26.99,0
19-12-2011,27.67,27.67,27.67,27.67,0
20-12-2011,27.45,27.45,27.45,27.45,0
21-12-2011,27.63,27.63,27.63,27.63,0
22-12-2011,27.18,27.18,27.18,27.18,0
23-12-2011,26.73,26.73,26.73,26.73,0
28-12-2011,26.71,26.71,26.71,26.71,0
29-12-2011,26.96,26.96,26.96,26.96,0
30-12-2011,26.96,26.96,26.96,26.96,0
03-01-2012,25.78,25.78,25.78,25.78,0
04-01-2012,26.18,26.18,26.18,26.18,0
05-01-2012,25.42,25.42,25.42,25.42,0
06-01-2012,25.18,25.18,25.18,25.18,0
09-01-2012,25.17,25.17,25.17,25.17,0
10-01-2012,24.8,24.8,24.8,24.8,0
11-01-2012,25.2,25.2,25.2,25.2,0
12-01-2012,24.95,24.95,24.95,24.95,0
13-01-2012,24.95,24.95,24.95,24.95,0
16-01-2012,24.7,24.7,24.7,24.7,0
17-01-2012,24.4,24.4,24.4,24.4,0
18-01-2012,24.19,24.19,24.19,24.19,0
19-01-2012,23.54,23.54,23.54,23.54,0
20-01-2012,23.45,23.45,23.45,23.45,0
23-01-2012,23.11,23.11,23.11,23.11,0
24-01-2012,23.47,23.47,23.47,23.47,0
25-01-2012,23.48,23.48,23.48,23.48,0
26-01-2012,22.59,22.59,22.59,22.59,0
27-01-2012,22.09,22.09,22.09,22.09,0
30-01-2012,22.96,22.96,22.96,22.96,0
31-01-2012,22.2,22.2,22.2,22.2,0
01-02-2012,21.69,21.69,21.69,21.69,0
02-02-2012,20.93,20.93,20.93,20.93,0
03-02-2012,20.98,20.98,20.98,20.98,0
06-02-2012,21.25,21.25,21.25,21.25,0
07-02-2012,21.96,21.96,21.96,21.96,0
08-02-2012,21.71,21.71,21.71,21.71,0
09-02-2012,21.72,21.72,21.72,21.72,0
10-02-2012,22.24,22.24,22.24,22.24,0
13-02-2012,22.24,22.24,22.24,22.24,0
14-02-2012,22.24,22.24,22.24,22.24,0
15-02-2012,21.85,21.85,21.85,21.85,0
16-02-2012,22.13,22.13,22.13,22.13,0
17-02-2012,21.86,21.86,21.86,21.86,0
20-02-2012,21.87,21.87,21.87,21.87,0
21-02-2012,21.62,21.62,21.62,21.62,0
22-02-2012,21.89,21.89,21.89,21.89,0
23-02-2012,21.83,21.83,21.83,21.83,0
24-02-2012,21.83,21.83,21.83,21.83,0
27-02-2012,22.12,22.12,22.12,22.12,0
28-02-2012,22.31,22.31,22.31,22.31,0
29-02-2012,22.31,22.31,22.31,22.31,0
01-03-2012,22.32,22.32,22.32,22.32,0
02-03-2012,22.33,22.33,22.33,22.33,0
05-03-2012,22.59,22.59,22.59,22.59,0
06-03-2012,23.36,23.36,23.36,23.36,0
07-03-2012,23.11,23.11,23.11,23.11,0
08-03-2012,22.86,22.86,22.86,22.86,0
09-03-2012,22.86,22.86,22.86,22.86,0
12-03-2012,22.86,22.86,22.86,22.86,0
13-03-2012,22.5,22.5,22.5,22.5,0
14-03-2012,22.27,22.27,22.27,22.27,0
15-03-2012,22.27,22.27,22.27,22.27,0
16-03-2012,21.33,21.33,21.33,21.33,0
19-03-2012,21.2,21.2,21.2,21.2,0
20-03-2012,21.25,21.25,21.25,21.25,0
22-03-2012,21.76,21.76,21.76,21.76,0
23-03-2012,21.84,21.84,21.84,21.84,0
26-03-2012,21.35,21.35,21.35,21.35,0
27-03-2012,20.82,20.82,20.82,20.82,0
28-03-2012,20.54,20.54,20.54,20.54,0
29-03-2012,20.82,20.82,20.82,20.82,0
30-03-2012,20.82,20.82,20.82,20.82,0
02-04-2012,20.16,20.16,20.16,20.16,0
03-04-2012,20,20,20,20,0
04-04-2012,21.11,21.11,21.11,21.11,0
05-04-2012,20.72,20.72,20.72,20.72,0
10-04-2012,20.72,20.72,20.72,20.72,0
11-04-2012,20.86,20.86,20.86,20.86,0
12-04-2012,20.67,20.67,20.67,20.67,0
13-04-2012,20.95,20.95,20.95,20.95,0
16-04-2012,20.95,20.95,20.95,20.95,0
17-04-2012,20.71,20.71,20.71,20.71,0
18-04-2012,20.47,20.47,20.47,20.47,0
19-04-2012,20.53,20.53,20.53,20.53,0
20-04-2012,20.54,20.54,20.54,20.54,0
23-04-2012,21.06,21.06,21.06,21.06,0
24-04-2012,20.77,20.77,20.77,20.77,0
25-04-2012,20.53,20.53,20.53,20.53,0
26-04-2012,20.5,20.5,20.5,20.5,0
30-04-2012,20.24,20.24,20.24,20.24,0
02-05-2012,20.26,20.26,20.26,20.26,0
03-05-2012,20.27,20.27,20.27,20.27,0
04-05-2012,20.8,20.8,20.8,20.8,0
07-05-2012,20.9,20.9,20.9,20.9,0
08-05-2012,21.43,21.43,21.43,21.43,0
09-05-2012,21.49,21.49,21.49,21.49,0
10-05-2012,20.95,20.95,20.95,20.95,0
11-05-2012,20.74,20.74,20.74,20.74,0
14-05-2012,20.74,20.74,20.74,20.74,0
15-05-2012,21.51,21.51,21.51,21.51,0
16-05-2012,21.23,21.23,21.23,21.23,0
17-05-2012,21.53,21.53,21.53,21.53,0
18-05-2012,22.08,22.08,22.08,22.08,0
21-05-2012,22.1,22.1,22.1,22.1,0
22-05-2012,20.59,20.59,20.59,20.59,0
23-05-2012,23,23,23,23,0
24-05-2012,22.75,22.75,22.75,22.75,0
25-05-2012,22.74,22.74,22.74,22.74,0
28-05-2012,22.5,22.5,22.5,22.5,0
29-05-2012,23.51,23.51,23.51,23.51,0
30-05-2012,24.77,24.77,24.77,24.77,0
31-05-2012,24.76,24.76,24.76,24.76,0
01-06-2012,24.76,24.76,24.76,24.76,0
04-06-2012,24.74,24.74,24.74,24.74,0
05-06-2012,24.74,24.74,24.74,24.74,0
06-06-2012,23.96,23.96,23.96,23.96,0
07-06-2012,22.93,22.93,22.93,22.93,0
08-06-2012,23.2,23.2,23.2,23.2,0
11-06-2012,23.43,23.43,23.43,23.43,0
12-06-2012,22.67,22.67,22.67,22.67,0
13-06-2012,22.67,22.67,22.67,22.67,0
14-06-2012,22.92,22.92,22.92,22.92,0
15-06-2012,22.67,22.67,22.67,22.67,0
18-06-2012,22.67,22.67,22.67,22.67,0
19-06-2012,21.64,21.64,21.64,21.64,0
20-06-2012,21.38,21.38,21.38,21.38,0
21-06-2012,20.61,20.61,20.61,20.61,0
22-06-2012,23.02,23.02,23.02,23.02,0
25-06-2012,23.23,23.23,23.23,23.23,0
26-06-2012,22.23,22.23,22.23,22.23,0
27-06-2012,22.49,22.49,22.49,22.49,0
28-06-2012,22.73,22.73,22.73,22.73,0
29-06-2012,21.96,21.96,21.96,21.96,0
02-07-2012,22.13,22.13,22.13,22.13,0
03-07-2012,20.98,20.98,20.98,20.98,0
04-07-2012,20.99,20.99,20.99,20.99,0
05-07-2012,20.18,20.18,20.18,20.18,0
06-07-2012,20.36,20.36,20.36,20.36,0
09-07-2012,20.72,20.72,20.72,20.72,0
10-07-2012,20.73,20.73,20.73,20.73,0
11-07-2012,20.96,20.96,20.96,20.96,0
12-07-2012,21.51,21.51,21.51,21.51,0
13-07-2012,21.02,21.02,21.02,21.02,0
16-07-2012,21.11,21.11,21.11,21.11,0
17-07-2012,20.97,20.97,20.97,20.97,0
18-07-2012,20.44,20.44,20.44,20.44,0
19-07-2012,19.65,19.65,19.65,19.65,0
20-07-2012,19.65,19.65,19.65,19.65,0
23-07-2012,19.5,19.5,19.5,19.5,0
24-07-2012,19.25,19.25,19.25,19.25,0
25-07-2012,19.5,19.5,19.5,19.5,0
26-07-2012,19.5,19.5,19.5,19.5,0
27-07-2012,18.59,0,0,0,0
30-07-2012,18.32,0,0,0,0
31-07-2012,19.01,0,0,0,0
01-08-2012,18.41,0,0,0,0
02-08-2012,18.46,0,0,0,0
03-08-2012,17.94,0,0,0,0
06-08-2012,17.66,0,0,0,0
07-08-2012,17.41,0,0,0,0
08-08-2012,17.41,0,0,0,0
10-08-2012,17.4,0,0,0,0
13-08-2012,17.39,0,0,0,0
14-08-2012,17.09,0,0,0,0
15-08-2012,17.13,0,0,0,0
16-08-2012,17.07,0,0,0,0
17-08-2012,17.46,0,0,0,0
20-08-2012,17.45,0,0,0,0
21-08-2012,17.16,0,0,0,0
22-08-2012,17.45,0,0,0,0
23-08-2012,17.19,0,0,0,0
24-08-2012,18,0,0,0,0
27-08-2012,17.97,0,0,0,0
28-08-2012,18.24,0,0,0,0
29-08-2012,18.19,0,0,0,0
30-08-2012,18.46,0,0,0,0
31-08-2012,18.75,0,0,0,0
03-09-2012,18.73,0,0,0,0
04-09-2012,19.25,0,0,0,0
05-09-2012,19.25,0,0,0,0
06-09-2012,18.72,0,0,0,0
07-09-2012,17.97,0,0,0,0
10-09-2012,17.95,0,0,0,0
11-09-2012,17.95,0,0,0,0
12-09-2012,17.68,0,0,0,0
13-09-2012,17.68,0,0,0,0
14-09-2012,16.92,0,0,0,0
17-09-2012,17.17,0,0,0,0
18-09-2012,16.9,0,0,0,0
19-09-2012,16.9,0,0,0,0
20-09-2012,16.92,0,0,0,0
21-09-2012,18.29,0,0,0,0
25-09-2012,17.71,0,0,0,0
26-09-2012,18.47,0,0,0,0
27-09-2012,18.29,0,0,0,0
28-09-2012,18.04,0,0,0,0
01-10-2012,17.5,0,0,0,0
02-10-2012,17.54,0,0,0,0
03-10-2012,17.81,0,0,0,0
04-10-2012,17.66,0,0,0,0
05-10-2012,17.3,0,0,0,0
08-10-2012,17.55,0,0,0,0
09-10-2012,18.02,0,0,0,0
10-10-2012,17.89,0,0,0,0
11-10-2012,17.5,0,0,0,0
12-10-2012,17.63,0,0,0,0
15-10-2012,17.49,0,0,0,0
16-10-2012,16.84,0,0,0,0
17-10-2012,16.47,0,0,0,0
18-10-2012,16.84,0,0,0,0
19-10-2012,17.1,0,0,0,0
22-10-2012,16.49,0,0,0,0
23-10-2012,16.77,0,0,0,0
24-10-2012,16.5,0,0,0,0
25-10-2012,16.49,0,0,0,0
26-10-2012,16.25,0,0,0,0
29-10-2012,16.24,0,0,0,0
30-10-2012,16.01,0,0,0,0
31-10-2012,16.01,0,0,0,0
01-11-2012,15.75,0,0,0,0
02-11-2012,15.44,0,0,0,0
05-11-2012,15.48,0,0,0,0
06-11-2012,15.65,0,0,0,0
07-11-2012,15.71,0,0,0,0
08-11-2012,15.71,0,0,0,0
09-11-2012,15.98,0,0,0,0
12-11-2012,15.74,0,0,0,0
13-11-2012,15.99,0,0,0,0
14-11-2012,16.02,0,0,0,0
15-11-2012,16.29,0,0,0,0
16-11-2012,16.08,0,0,0,0
19-11-2012,15.78,0,0,0,0
20-11-2012,15.51,0,0,0,0
21-11-2012,15.49,0,0,0,0
22-11-2012,15.22,0,0,0,0
23-11-2012,15.22,0,0,0,0
26-11-2012,15.22,0,0,0,0
27-11-2012,15.23,0,0,0,0
28-11-2012,15.5,0,0,0,0
29-11-2012,15.23,0,0,0,0
30-11-2012,14.97,0,0,0,0
03-12-2012,14.96,0,0,0,0
04-12-2012,14.98,0,0,0,0
05-12-2012,15.04,0,0,0,0
06-12-2012,14.52,0,0,0,0
07-12-2012,14.52,0,0,0,0
10-12-2012,14.5,0,0,0,0
11-12-2012,14.26,0,0,0,0
12-12-2012,14.26,0,0,0,0
13-12-2012,14.26,0,0,0,0
14-12-2012,14.27,0,0,0,0
18-12-2012,14.79,0,0,0,0
19-12-2012,13.83,0,0,0,0
20-12-2012,13.63,0,0,0,0
21-12-2012,13.85,0,0,0,0
24-12-2012,14.07,0,0,0,0
27-12-2012,13.84,0,0,0,0
28-12-2012,14.14,0,0,0,0
31-12-2012,14,0,0,0,0
02-01-2013,13.51,0,0,0,0
03-01-2013,13.55,0,0,0,0
04-01-2013,13.58,0,0,0,0
07-01-2013,13.62,0,0,0,0
08-01-2013,13.61,0,0,0,0
09-01-2013,14.14,0,0,0,0
10-01-2013,14.17,0,0,0,0
11-01-2013,14.19,0,0,0,0
14-01-2013,14.2,0,0,0,0
15-01-2013,14.2,0,0,0,0
16-01-2013,14.81,0,0,0,0
17-01-2013,14.83,0,0,0,0
18-01-2013,14.58,0,0,0,0
21-01-2013,14.86,0,0,0,0
22-01-2013,15.09,0,0,0,0
23-01-2013,14.88,0,0,0,0
24-01-2013,15.16,0,0,0,0
25-01-2013,14.71,0,0,0,0
28-01-2013,14.72,0,0,0,0
29-01-2013,14.73,0,0,0,0
30-01-2013,14.81,0,0,0,0
31-01-2013,14.62,0,0,0,0
01-02-2013,14.64,0,0,0,0
04-02-2013,14.65,0,0,0,0
05-02-2013,14.67,0,0,0,0
06-02-2013,14.69,0,0,0,0
07-02-2013,14.66,0,0,0,0
08-02-2013,14.45,0,0,0,0
11-02-2013,14.46,0,0,0,0
12-02-2013,14.76,0,0,0,0
13-02-2013,14.51,0,0,0,0
14-02-2013,14.79,0,0,0,0
15-02-2013,14.8,0,0,0,0
18-02-2013,14.82,0,0,0,0
19-02-2013,15.08,0,0,0,0
20-02-2013,15.37,0,0,0,0
21-02-2013,16.45,0,0,0,0
22-02-2013,16.46,0,0,0,0
25-02-2013,16.18,0,0,0,0
26-02-2013,16.46,0,0,0,0
27-02-2013,17.24,0,0,0,0
28-02-2013,16.72,0,0,0,0
01-03-2013,16.45,0,0,0,0
04-03-2013,16.44,0,0,0,0
05-03-2013,15.93,0,0,0,0
06-03-2013,15.81,0,0,0,0
07-03-2013,15.29,0,0,0,0
08-03-2013,15.3,0,0,0,0
11-03-2013,15.02,0,0,0,0
12-03-2013,15.04,0,0,0,0
13-03-2013,15.04,0,0,0,0
14-03-2013,15.04,0,0,0,0
15-03-2013,15.31,0,0,0,0
18-03-2013,15.57,0,0,0,0
19-03-2013,15.57,0,0,0,0
20-03-2013,15.57,0,0,0,0
22-03-2013,17.06,0,0,0,0
25-03-2013,16.35,0,0,0,0
26-03-2013,16.12,0,0,0,0
27-03-2013,16.47,0,0,0,0
28-03-2013,16.47,0,0,0,0
02-04-2013,15.86,0,0,0,0
03-04-2013,15.54,0,0,0,0
04-04-2013,15.7,0,0,0,0
05-04-2013,16.24,0,0,0,0
08-04-2013,16.72,0,0,0,0
09-04-2013,16.72,0,0,0,0
10-04-2013,16.2,0,0,0,0
11-04-2013,16.22,0,0,0,0
12-04-2013,16.75,0,0,0,0
15-04-2013,17.25,0,0,0,0
16-04-2013,16.73,0,0,0,0
17-04-2013,17.38,0,0,0,0
18-04-2013,17.54,0,0,0,0
19-04-2013,17.02,0,0,0,0
22-04-2013,17.27,0,0,0,0
23-04-2013,16.74,0,0,0,0
24-04-2013,16.48,0,0,0,0
25-04-2013,16.24,0,0,0,0
26-04-2013,16.24,0,0,0,0
29-04-2013,16.67,0,0,0,0
30-04-2013,16.67,0,0,0,0
02-05-2013,16.67,0,0,0,0
03-05-2013,16.67,0,0,0,0
06-05-2013,16.67,0,0,0,0
07-05-2013,16.67,0,0,0,0
08-05-2013,16.67,0,0,0,0
09-05-2013,16.67,0,0,0,0
10-05-2013,16.67,0,0,0,0
13-05-2013,16.67,0,0,0,0
14-05-2013,16.64,0,0,0,0
15-05-2013,15.39,0,0,0,0
16-05-2013,14.93,0,0,0,0
17-05-2013,14.93,0,0,0,0
20-05-2013,14.93,0,0,0,0
21-05-2013,14.93,0,0,0,0
22-05-2013,15.86,0,0,0,0
23-05-2013,18.48,0,0,0,0
24-05-2013,17.67,0,0,0,0
27-05-2013,17.14,0,0,0,0
28-05-2013,16.87,0,0,0,0
29-05-2013,17.39,0,0,0,0
30-05-2013,17.36,0,0,0,0
31-05-2013,17.1,0,0,0,0
03-06-2013,18.9,0,0,0,0
04-06-2013,19.15,0,0,0,0
05-06-2013,17.07,0,0,0,0
06-06-2013,17.08,0,0,0,0
07-06-2013,19.15,0,0,0,0
10-06-2013,18.88,0,0,0,0
11-06-2013,19.91,0,0,0,0
12-06-2013,20.18,0,0,0,0
13-06-2013,20.18,0,0,0,0
14-06-2013,20.17,0,0,0,0
18-06-2013,20.14,0,0,0,0
19-06-2013,20.4,0,0,0,0
20-06-2013,21.43,0,0,0,0
21-06-2013,22.28,0,0,0,0
24-06-2013,22.97,0,0,0,0
25-06-2013,22.68,0,0,0,0
26-06-2013,22.39,0,0,0,0
27-06-2013,22.31,0,0,0,0
28-06-2013,22.02,0,0,0,0
01-07-2013,21.97,0,0,0,0
02-07-2013,21.93,0,0,0,0
03-07-2013,22.82,0,0,0,0
04-07-2013,22.09,0,0,0,0
05-07-2013,22.07,0,0,0,0
08-07-2013,22.04,0,0,0,0
09-07-2013,22.02,0,0,0,0
10-07-2013,22,0,0,0,0
11-07-2013,21.49,0,0,0,0
12-07-2013,21.46,0,0,0,0
15-07-2013,21.42,0,0,0,0
16-07-2013,21.41,0,0,0,0
17-07-2013,20.35,0,0,0,0
18-07-2013,20.07,0,0,0,0
19-07-2013,20.06,0,0,0,0
22-07-2013,19.92,0,0,0,0
23-07-2013,19.13,0,0,0,0
24-07-2013,19.12,0,0,0,0
25-07-2013,19.54,0,0,0,0
26-07-2013,19.36,0,0,0,0
29-07-2013,19.34,0,0,0,0
30-07-2013,18.99,0,0,0,0
31-07-2013,18.99,0,0,0,0
01-08-2013,17.88,0,0,0,0
02-08-2013,17.95,0,0,0,0
05-08-2013,17.54,0,0,0,0
06-08-2013,17.54,0,0,0,0
07-08-2013,17.55,0,0,0,0
08-08-2013,17.35,0,0,0,0
12-08-2013,16.8,0,0,0,0
13-08-2013,16.94,0,0,0,0
14-08-2013,16.76,0,0,0,0
15-08-2013,17.06,0,0,0,0
16-08-2013,17.07,0,0,0,0
19-08-2013,16.74,0,0,0,0
20-08-2013,17.24,0,0,0,0
21-08-2013,17.22,0,0,0,0
22-08-2013,16.94,0,0,0,0
23-08-2013,17.21,0,0,0,0
26-08-2013,16.95,0,0,0,0
27-08-2013,17.72,0,0,0,0
28-08-2013,19.01,0,0,0,0
29-08-2013,19.25,0,0,0,0
30-08-2013,19.81,0,0,0,0
02-09-2013,15.53,0,0,0,0
03-09-2013,16.78,0,0,0,0
04-09-2013,17.04,0,0,0,0
05-09-2013,17.03,0,0,0,0
06-09-2013,17.05,0,0,0,0
09-09-2013,17.3,0,0,0,0
10-09-2013,16.25,0,0,0,0
11-09-2013,16.52,0,0,0,0
12-09-2013,15.99,0,0,0,0
13-09-2013,16.28,0,0,0,0
16-09-2013,16.28,0,0,0,0
17-09-2013,16.27,0,0,0,0
18-09-2013,16.53,0,0,0,0
19-09-2013,15.76,0,0,0,0
20-09-2013,15.71,0,0,0,0
23-09-2013,16.01,0,0,0,0
25-09-2013,16.04,0,0,0,0
26-09-2013,15.8,0,0,0,0
27-09-2013,15.82,0,0,0,0
30-09-2013,16.08,0,0,0,0
01-10-2013,16.12,0,0,0,0
02-10-2013,16.38,0,0,0,0
03-10-2013,16.39,0,0,0,0
04-10-2013,16.4,0,0,0,0
07-10-2013,16.65,0,0,0,0
08-10-2013,17.62,0,0,0,0
09-10-2013,18.02,0,0,0,0
10-10-2013,17.36,0,0,0,0
11-10-2013,16.58,0,0,0,0
14-10-2013,16.85,0,0,0,0
15-10-2013,16.37,0,0,0,0
16-10-2013,16.22,0,0,0,0
17-10-2013,15.76,0,0,0,0
18-10-2013,15.76,0,0,0,0
21-10-2013,15.48,0,0,0,0
22-10-2013,15.04,0,0,0,0
23-10-2013,15.4,0,0,0,0
24-10-2013,15.15,0,0,0,0
25-10-2013,15.08,0,0,0,0
28-10-2013,15.08,0,0,0,0
29-10-2013,15.06,0,0,0,0
30-10-2013,15.01,0,0,0,0
31-10-2013,15.03,0,0,0,0
01-11-2013,14.99,0,0,0,0
04-11-2013,15,0,0,0,0
05-11-2013,15.1,0,0,0,0
06-11-2013,14.81,0,0,0,0
07-11-2013,14.83,0,0,0,0
08-11-2013,15.18,0,0,0,0
11-11-2013,15.19,0,0,0,0
12-11-2013,15.22,0,0,0,0
13-11-2013,16.08,0,0,0,0
14-11-2013,15.79,0,0,0,0
15-11-2013,15.51,0,0,0,0
18-11-2013,15.51,0,0,0,0
19-11-2013,16.07,0,0,0,0
20-11-2013,16.07,0,0,0,0
21-11-2013,16.6,0,0,0,0
22-11-2013,16.87,0,0,0,0
25-11-2013,16.87,0,0,0,0
26-11-2013,17.42,0,0,0,0
27-11-2013,16.91,0,0,0,0
28-11-2013,16.64,0,0,0,0
29-11-2013,16.65,0,0,0,0
02-12-2013,16.9,0,0,0,0
03-12-2013,17.45,0,0,0,0
04-12-2013,17.48,0,0,0,0
05-12-2013,17.22,0,0,0,0
06-12-2013,16.96,0,0,0,0
09-12-2013,17.46,0,0,0,0
10-12-2013,17.47,0,0,0,0
11-12-2013,17.99,0,0,0,0
12-12-2013,18.76,0,0,0,0
13-12-2013,18.76,0,0,0,0
17-12-2013,18.25,0,0,0,0
18-12-2013,18.25,0,0,0,0
19-12-2013,17.99,0,0,0,0
20-12-2013,17.64,0,0,0,0
23-12-2013,17.61,0,0,0,0
24-12-2013,17.57,0,0,0,0
27-12-2013,17.09,0,0,0,0
30-12-2013,16.87,0,0,0,0
31-12-2013,16.92,0,0,0,0
02-01-2014,17.68,0,0,0,0
03-01-2014,18.24,0,0,0,0
06-01-2014,18.66,0,0,0,0
07-01-2014,18.36,0,0,0,0
08-01-2014,18.78,0,0,0,0
09-01-2014,19.05,0,0,0,0
10-01-2014,19.09,0,0,0,0
13-01-2014,18.44,0,0,0,0
14-01-2014,18.47,0,0,0,0
15-01-2014,18.21,0,0,0,0
16-01-2014,18.19,0,0,0,0
17-01-2014,18.04,0,0,0,0
20-01-2014,17.79,0,0,0,0
21-01-2014,17.61,0,0,0,0
22-01-2014,17.69,0,0,0,0
23-01-2014,17.53,0,0,0,0
24-01-2014,17.53,0,0,0,0
27-01-2014,19.99,0,0,0,0
28-01-2014,20,0,0,0,0
29-01-2014,20.45,0,0,0,0
30-01-2014,20.96,0,0,0,0
31-01-2014,21.16,0,0,0,0
03-02-2014,21.48,0,0,0,0
04-02-2014,22.34,0,0,0,0
05-02-2014,22.5,0,0,0,0
06-02-2014,21.44,0,0,0,0
07-02-2014,20.85,0,0,0,0
10-02-2014,20.61,0,0,0,0
11-02-2014,20.61,0,0,0,0
12-02-2014,20.11,0,0,0,0
13-02-2014,19.06,0,0,0,0
14-02-2014,18.83,0,0,0,0
17-02-2014,18.59,0,0,0,0
18-02-2014,18.6,0,0,0,0
19-02-2014,18.6,0,0,0,0
20-02-2014,19.09,0,0,0,0
21-02-2014,18.6,0,0,0,0
24-02-2014,18.61,0,0,0,0
25-02-2014,19.12,0,0,0,0
26-02-2014,19.12,0,0,0,0
27-02-2014,19.13,0,0,0,0
28-02-2014,18.87,0,0,0,0
03-03-2014,19.15,0,0,0,0
04-03-2014,18.89,0,0,0,0
05-03-2014,19.16,0,0,0,0
06-03-2014,18.9,0,0,0,0
07-03-2014,18.91,0,0,0,0
10-03-2014,19.18,0,0,0,0
11-03-2014,18.92,0,0,0,0
12-03-2014,19.18,0,0,0,0
13-03-2014,19.44,0,0,0,0
14-03-2014,19.71,0,0,0,0
17-03-2014,19.44,0,0,0,0
18-03-2014,19.18,0,0,0,0
19-03-2014,19.96,0,0,0,0
20-03-2014,19.96,0,0,0,0
24-03-2014,19.89,0,0,0,0
25-03-2014,19.89,0,0,0,0
26-03-2014,17.19,0,0,0,0
27-03-2014,17.51,0,0,0,0
28-03-2014,16.65,0,0,0,0
31-03-2014,16.65,0,0,0,0
01-04-2014,16.49,0,0,0,0
02-04-2014,16.15,0,0,0,0
03-04-2014,16.32,0,0,0,0
04-04-2014,16.34,0,0,0,0
07-04-2014,16.64,0,0,0,0
08-04-2014,16.39,0,0,0,0
09-04-2014,16.28,0,0,0,0
10-04-2014,16.17,0,0,0,0
11-04-2014,16.57,0,0,0,0
14-04-2014,16.62,0,0,0,0
15-04-2014,16.9,0,0,0,0
16-04-2014,16.65,0,0,0,0
17-04-2014,16.57,0,0,0,0
22-04-2014,16.32,0,0,0,0
23-04-2014,16.55,0,0,0,0
24-04-2014,16.31,0,0,0,0
25-04-2014,15.78,0,0,0,0
29-04-2014,15.86,0,0,0,0
30-04-2014,15.87,0,0,0,0
02-05-2014,15.83,0,0,0,0
05-05-2014,16.09,0,0,0,0
06-05-2014,16.1,0,0,0,0
08-05-2014,16.12,0,0,0,0
09-05-2014,16.24,0,0,0,0
12-05-2014,15.72,0,0,0,0
13-05-2014,15.72,0,0,0,0
14-05-2014,15.46,0,0,0,0
15-05-2014,15.47,0,0,0,0
16-05-2014,15.29,0,0,0,0
19-05-2014,15.01,0,0,0,0
20-05-2014,14.55,0,0,0,0
21-05-2014,14.55,0,0,0,0
22-05-2014,14.54,0,0,0,0
23-05-2014,14.52,0,0,0,0
26-05-2014,14.51,0,0,0,0
27-05-2014,14.5,0,0,0,0
28-05-2014,14.5,0,0,0,0
29-05-2014,15.23,0,0,0,0
30-05-2014,14,0,0,0,0
02-06-2014,13.44,0,0,0,0
03-06-2014,13.4,0,0,0,0
04-06-2014,13.15,0,0,0,0
05-06-2014,13.15,0,0,0,0
06-06-2014,13.17,0,0,0,0
09-06-2014,13.42,0,0,0,0
10-06-2014,12.64,0,0,0,0
11-06-2014,13.16,0,0,0,0
12-06-2014,12.39,0,0,0,0
13-06-2014,12.41,0,0,0,0
17-06-2014,12.4,0,0,0,0
18-06-2014,12.4,0,0,0,0
19-06-2014,11.88,0,0,0,0
20-06-2014,12.31,0,0,0,0
23-06-2014,12.62,0,0,0,0
24-06-2014,12.64,0,0,0,0
25-06-2014,13.16,0,0,0,0
26-06-2014,12.91,0,0,0,0
27-06-2014,12.96,0,0,0,0
30-06-2014,12.7,0,0,0,0
01-07-2014,13.37,0,0,0,0
02-07-2014,12.35,0,0,0,0
03-07-2014,12.38,0,0,0,0
04-07-2014,12.44,0,0,0,0
07-07-2014,12.42,0,0,0,0
08-07-2014,12.44,0,0,0,0
09-07-2014,13.51,0,0,0,0
10-07-2014,13.79,0,0,0,0
11-07-2014,14.14,0,0,0,0
14-07-2014,13.36,0,0,0,0
15-07-2014,13.37,0,0,0,0
16-07-2014,13.08,0,0,0,0
17-07-2014,13.35,0,0,0,0
18-07-2014,13.39,0,0,0,0
21-07-2014,13.65,0,0,0,0
22-07-2014,13.4,0,0,0,0
23-07-2014,13.41,0,0,0,0
24-07-2014,13.68,0,0,0,0
25-07-2014,13.72,0,0,0,0
28-07-2014,13.72,0,0,0,0
29-07-2014,14.73,0,0,0,0
30-07-2014,14.44,0,0,0,0
31-07-2014,14.71,0,0,0,0
01-08-2014,15.01,0,0,0,0
04-08-2014,14.76,0,0,0,0
05-08-2014,14.88,0,0,0,0
06-08-2014,15.2,0,0,0,0
07-08-2014,15.46,0,0,0,0
08-08-2014,15.47,0,0,0,0
11-08-2014,14.99,0,0,0,0
12-08-2014,14.99,0,0,0,0
13-08-2014,15.25,0,0,0,0
14-08-2014,15.25,0,0,0,0
15-08-2014,15.71,0,0,0,0
18-08-2014,15.42,0,0,0,0
19-08-2014,15.45,0,0,0,0
20-08-2014,15.48,0,0,0,0
21-08-2014,15.71,0,0,0,0
22-08-2014,16.25,0,0,0,0
25-08-2014,15.97,0,0,0,0
26-08-2014,15.48,0,0,0,0
27-08-2014,15.48,0,0,0,0
28-08-2014,15.74,0,0,0,0
29-08-2014,15.51,0,0,0,0
01-09-2014,15.5,0,0,0,0
02-09-2014,15.23,0,0,0,0
03-09-2014,14.72,0,0,0,0
04-09-2014,14.45,0,0,0,0
05-09-2014,14.98,0,0,0,0
08-09-2014,14.71,0,0,0,0
09-09-2014,14.96,0,0,0,0
10-09-2014,14.97,0,0,0,0
11-09-2014,14.97,0,0,0,0
12-09-2014,14.98,0,0,0,0
15-09-2014,14.98,0,0,0,0
16-09-2014,15.24,0,0,0,0
17-09-2014,15.76,0,0,0,0
18-09-2014,16.03,0,0,0,0
19-09-2014,14.82,0,0,0,0
22-09-2014,15.59,0,0,0,0
23-09-2014,15.59,0,0,0,0
25-09-2014,15.87,0,0,0,0
26-09-2014,16.9,0,0,0,0
29-09-2014,17.31,0,0,0,0
30-09-2014,16.99,0,0,0,0
01-10-2014,17.25,0,0,0,0
02-10-2014,17.78,0,0,0,0
03-10-2014,17.52,0,0,0,0
06-10-2014,16.99,0,0,0,0
07-10-2014,17.26,0,0,0,0
08-10-2014,17.79,0,0,0,0
09-10-2014,17.79,0,0,0,0
10-10-2014,18.7,0,0,0,0
13-10-2014,18.43,0,0,0,0
14-10-2014,19.07,0,0,0,0
15-10-2014,19.84,0,0,0,0
16-10-2014,19.73,0,0,0,0
17-10-2014,18.89,0,0,0,0
20-10-2014,18.89,0,0,0,0
21-10-2014,18.42,0,0,0,0
22-10-2014,18.76,0,0,0,0
23-10-2014,18.93,0,0,0,0
24-10-2014,19.17,0,0,0,0
27-10-2014,19.15,0,0,0,0
28-10-2014,18.08,0,0,0,0
29-10-2014,17.63,0,0,0,0
30-10-2014,18.08,0,0,0,0
31-10-2014,17.55,0,0,0,0
03-11-2014,17.26,0,0,0,0
04-11-2014,17.25,0,0,0,0
05-11-2014,17.24,0,0,0,0
06-11-2014,17.24,0,0,0,0
07-11-2014,17.23,0,0,0,0
10-11-2014,17.43,0,0,0,0
11-11-2014,17.43,0,0,0,0
12-11-2014,17.42,0,0,0,0
13-11-2014,17.42,0,0,0,0
14-11-2014,17.42,0,0,0,0
17-11-2014,17.41,0,0,0,0
18-11-2014,17.39,0,0,0,0
19-11-2014,17.39,0,0,0,0
20-11-2014,17.38,0,0,0,0
21-11-2014,17.38,0,0,0,0
24-11-2014,17.36,0,0,0,0
25-11-2014,17.38,0,0,0,0
26-11-2014,17.38,0,0,0,0
27-11-2014,17.38,0,0,0,0
28-11-2014,17.36,0,0,0,0
01-12-2014,17.33,0,0,0,0
02-12-2014,17.33,0,0,0,0
03-12-2014,20.47,0,0,0,0
04-12-2014,20.48,0,0,0,0
05-12-2014,20.47,0,0,0,0
08-12-2014,20.45,0,0,0,0
09-12-2014,20.45,0,0,0,0
10-12-2014,21.49,0,0,0,0
11-12-2014,21.74,0,0,0,0
12-12-2014,21.74,0,0,0,0
15-12-2014,21.51,0,0,0,0
17-12-2014,22.01,0,0,0,0
18-12-2014,20.75,0,0,0,0
19-12-2014,22.5,0,0,0,0
22-12-2014,22.5,0,0,0,0
23-12-2014,22.5,0,0,0,0
24-12-2014,22.44,0,0,0,0
29-12-2014,21.81,0,0,0,0
30-12-2014,22.02,0,0,0,0
31-12-2014,22.16,0,0,0,0
02-01-2015,22.16,0,0,0,0
05-01-2015,23.32,0,0,0,0
06-01-2015,22.76,0,0,0,0
07-01-2015,22.76,0,0,0,0
08-01-2015,22.05,0,0,0,0
09-01-2015,22.66,0,0,0,0
12-01-2015,22.66,0,0,0,0
13-01-2015,22.66,0,0,0,0
14-01-2015,24.65,0,0,0,0
15-01-2015,24.55,0,0,0,0
16-01-2015,24.04,0,0,0,0
19-01-2015,23.72,0,0,0,0
20-01-2015,23.69,0,0,0,0
21-01-2015,23.4,0,0,0,0
22-01-2015,23.06,0,0,0,0
23-01-2015,23.2,0,0,0,0
26-01-2015,22.13,0,0,0,0
27-01-2015,21.36,0,0,0,0
28-01-2015,20.83,0,0,0,0
29-01-2015,21.26,0,0,0,0
30-01-2015,21,0,0,0,0
02-02-2015,20.96,0,0,0,0
03-02-2015,20.7,0,0,0,0
04-02-2015,20.8,0,0,0,0
05-02-2015,20.8,0,0,0,0
06-02-2015,20.54,0,0,0,0
09-02-2015,20.52,0,0,0,0
10-02-2015,19.8,0,0,0,0
11-02-2015,19.57,0,0,0,0
12-02-2015,19.28,0,0,0,0
13-02-2015,18.99,0,0,0,0
16-02-2015,18.97,0,0,0,0
17-02-2015,18.98,0,0,0,0
18-02-2015,18.98,0,0,0,0
19-02-2015,18.74,0,0,0,0
20-02-2015,18.74,0,0,0,0
23-02-2015,18.72,0,0,0,0
24-02-2015,18.46,0,0,0,0
25-02-2015,17.94,0,0,0,0
26-02-2015,17.93,0,0,0,0
27-02-2015,17.93,0,0,0,0
02-03-2015,18.18,0,0,0,0
03-03-2015,17.93,0,0,0,0
04-03-2015,17.93,0,0,0,0
05-03-2015,18.19,0,0,0,0
06-03-2015,17.17,0,0,0,0
09-03-2015,17.42,0,0,0,0
10-03-2015,17.42,0,0,0,0
11-03-2015,17.95,0,0,0,0
12-03-2015,17.95,0,0,0,0
13-03-2015,17.95,0,0,0,0
16-03-2015,17.42,0,0,0,0
17-03-2015,17.69,0,0,0,0
18-03-2015,17.69,0,0,0,0
19-03-2015,17.95,0,0,0,0
20-03-2015,19.36,0,0,0,0
23-03-2015,19.34,0,0,0,0
24-03-2015,19.07,0,0,0,0
25-03-2015,19.33,0,0,0,0
26-03-2015,19.59,0,0,0,0
27-03-2015,19.58,0,0,0,0
30-03-2015,19.3,0,0,0,0
31-03-2015,19.3,0,0,0,0
01-04-2015,19.46,0,0,0,0
02-04-2015,19.45,0,0,0,0
07-04-2015,17.95,0,0,0,0
08-04-2015,19.13,0,0,0,0
09-04-2015,19.12,0,0,0,0
10-04-2015,18.72,0,0,0,0
13-04-2015,18.04,0,0,0,0
14-04-2015,18.05,0,0,0,0
15-04-2015,17.82,0,0,0,0
16-04-2015,17.45,0,0,0,0
17-04-2015,17.82,0,0,0,0
20-04-2015,17.8,0,0,0,0
21-04-2015,17.54,0,0,0,0
22-04-2015,17.49,0,0,0,0
23-04-2015,17.23,0,0,0,0
24-04-2015,17.23,0,0,0,0
28-04-2015,16.96,0,0,0,0
29-04-2015,17.22,0,0,0,0
30-04-2015,17.26,0,0,0,0
04-05-2015,17.26,0,0,0,0
05-05-2015,16.99,0,0,0,0
06-05-2015,17.51,0,0,0,0
07-05-2015,17.83,0,0,0,0
08-05-2015,17.35,0,0,0,0
11-05-2015,17.08,0,0,0,0
12-05-2015,17.34,0,0,0,0
13-05-2015,17.34,0,0,0,0
14-05-2015,17.62,0,0,0,0
15-05-2015,17.37,0,0,0,0
18-05-2015,17.1,0,0,0,0
19-05-2015,17.13,0,0,0,0
20-05-2015,17.13,0,0,0,0
21-05-2015,17.16,0,0,0,0
22-05-2015,17.16,0,0,0,0
25-05-2015,17.16,0,0,0,0
26-05-2015,17.94,0,0,0,0
27-05-2015,17.93,0,0,0,0
28-05-2015,17.94,0,0,0,0
29-05-2015,18.21,0,0,0,0
01-06-2015,18.45,0,0,0,0
02-06-2015,18.19,0,0,0,0
03-06-2015,18.45,0,0,0,0
04-06-2015,18.98,0,0,0,0
05-06-2015,18.97,0,0,0,0
08-06-2015,18.96,0,0,0,0
09-06-2015,19.47,0,0,0,0
10-06-2015,19.47,0,0,0,0
11-06-2015,18.44,0,0,0,0
12-06-2015,18.44,0,0,0,0
15-06-2015,18.43,0,0,0,0
17-06-2015,17.91,0,0,0,0
18-06-2015,17.65,0,0,0,0
19-06-2015,19.38,0,0,0,0
22-06-2015,19.02,0,0,0,0
23-06-2015,18.46,0,0,0,0
24-06-2015,18.15,0,0,0,0
25-06-2015,18.1,0,0,0,0
26-06-2015,18.33,0,0,0,0
29-06-2015,18.78,0,0,0,0
30-06-2015,19,0,0,0,0
01-07-2015,18.7,0,0,0,0
02-07-2015,18.36,0,0,0,0
03-07-2015,18.59,0,0,0,0
06-07-2015,19.05,0,0,0,0
07-07-2015,20.22,0,0,0,0
08-07-2015,19.92,0,0,0,0
09-07-2015,18.92,0,0,0,0
10-07-2015,18.62,0,0,0,0
13-07-2015,18.3,0,0,0,0
14-07-2015,18.53,0,0,0,0
15-07-2015,18.5,0,0,0,0
16-07-2015,17.46,0,0,0,0
17-07-2015,17.45,0,0,0,0
20-07-2015,17.15,0,0,0,0
21-07-2015,17.14,0,0,0,0
22-07-2015,17.85,0,0,0,0
23-07-2015,17.82,0,0,0,0
24-07-2015,18.42,0,0,0,0
27-07-2015,18.37,0,0,0,0
28-07-2015,18.69,0,0,0,0
29-07-2015,18.07,0,0,0,0
30-07-2015,17.46,0,0,0,0
31-07-2015,17.18,0,0,0,0
03-08-2015,17.4,0,0,0,0
04-08-2015,16.81,0,0,0,0
05-08-2015,16.54,0,0,0,0
06-08-2015,16.85,0,0,0,0
07-08-2015,17.36,0,0,0,0
11-08-2015,17.05,0,0,0,0
12-08-2015,18.42,0,0,0,0
13-08-2015,17.59,0,0,0,0
14-08-2015,18.13,0,0,0,0
17-08-2015,18.09,0,0,0,0
18-08-2015,17.82,0,0,0,0
19-08-2015,18.61,0,0,0,0
20-08-2015,18.91,0,0,0,0
21-08-2015,19.44,0,0,0,0
24-08-2015,19.4,0,0,0,0
25-08-2015,22.41,0,0,0,0
26-08-2015,22.93,0,0,0,0
27-08-2015,22.91,0,0,0,0
28-08-2015,21.83,0,0,0,0
31-08-2015,21.81,0,0,0,0
01-09-2015,22.84,0,0,0,0
02-09-2015,22.31,0,0,0,0
03-09-2015,21.27,0,0,0,0
04-09-2015,21.27,0,0,0,0
07-09-2015,21.25,0,0,0,0
08-09-2015,20.48,0,0,0,0
09-09-2015,20.48,0,0,0,0
10-09-2015,20.99,0,0,0,0
11-09-2015,20.99,0,0,0,0
14-09-2015,20.99,0,0,0,0
15-09-2015,21.24,0,0,0,0
16-09-2015,19.71,0,0,0,0
17-09-2015,19.21,0,0,0,0
18-09-2015,23.02,0,0,0,0
21-09-2015,22.94,0,0,0,0
22-09-2015,23.62,0,0,0,0
23-09-2015,22.95,0,0,0,0
25-09-2015,23.09,0,0,0,0
28-09-2015,23.9,0,0,0,0
29-09-2015,23.58,0,0,0,0
30-09-2015,22.45,0,0,0,0
01-10-2015,23.18,0,0,0,0
02-10-2015,22.79,0,0,0,0
05-10-2015,20.71,0,0,0,0
06-10-2015,20.85,0,0,0,0
07-10-2015,20.32,0,0,0,0
08-10-2015,19.92,0,0,0,0
09-10-2015,19.54,0,0,0,0
12-10-2015,20.28,0,0,0,0
13-10-2015,20.01,0,0,0,0
14-10-2015,19.97,0,0,0,0
15-10-2015,20.07,0,0,0,0
16-10-2015,20.16,0,0,0,0
19-10-2015,19.96,0,0,0,0
20-10-2015,20.7,0,0,0,0
21-10-2015,20.56,0,0,0,0
22-10-2015,20.28,0,0,0,0
23-10-2015,19.35,0,0,0,0
26-10-2015,20.48,0,0,0,0
27-10-2015,19,0,0,0,0
28-10-2015,19.06,0,0,0,0
29-10-2015,19.33,0,0,0,0
30-10-2015,19.04,0,0,0,0
02-11-2015,19.06,0,0,0,0
03-11-2015,19.41,0,0,0,0
04-11-2015,19.14,0,0,0,0
05-11-2015,19.46,0,0,0,0
06-11-2015,20.33,0,0,0,0
09-11-2015,19.04,0,0,0,0
10-11-2015,19.64,0,0,0,0
11-11-2015,19.65,0,0,0,0
12-11-2015,19.93,0,0,0,0
13-11-2015,20.51,0,0,0,0
16-11-2015,20.18,0,0,0,0
17-11-2015,19.66,0,0,0,0
18-11-2015,19.94,0,0,0,0
19-11-2015,19.75,0,0,0,0
20-11-2015,19.45,0,0,0,0
23-11-2015,19.44,0,0,0,0
24-11-2015,19.71,0,0,0,0
25-11-2015,19.46,0,0,0,0
26-11-2015,19.2,0,0,0,0
27-11-2015,19.71,0,0,0,0
30-11-2015,19.7,0,0,0,0
01-12-2015,19.7,0,0,0,0
02-12-2015,19.96,0,0,0,0
03-12-2015,19.96,0,0,0,0
04-12-2015,20.74,0,0,0,0
07-12-2015,20.72,0,0,0,0
08-12-2015,21.23,0,0,0,0
09-12-2015,20.98,0,0,0,0
10-12-2015,21.23,0,0,0,0
11-12-2015,21.74,0,0,0,0
14-12-2015,21.73,0,0,0,0
15-12-2015,21.47,0,0,0,0
17-12-2015,20.46,0,0,0,0
18-12-2015,22.26,0,0,0,0
21-12-2015,22.02,0,0,0,0
22-12-2015,21.94,0,0,0,0
23-12-2015,21.2,0,0,0,0
24-12-2015,21.22,0,0,0,0
28-12-2015,21.48,0,0,0,0
29-12-2015,21.83,0,0,0,0
30-12-2015,21.86,0,0,0,0
31-12-2015,22.14,0,0,0,0
04-01-2016,23.05,0,0,0,0
05-01-2016,22.93,0,0,0,0
06-01-2016,22.98,0,0,0,0
07-01-2016,23.76,0,0,0,0
08-01-2016,23.79,0,0,0,0
11-01-2016,23.57,0,0,0,0
12-01-2016,23.6,0,0,0,0
13-01-2016,23.69,0,0,0,0
14-01-2016,24.22,0,0,0,0
15-01-2016,24.5,0,0,0,0
18-01-2016,24.44,0,0,0,0
19-01-2016,23.97,0,0,0,0
20-01-2016,25.38,0,0,0,0
21-01-2016,25.41,0,0,0,0
22-01-2016,24.38,0,0,0,0
25-01-2016,24.41,0,0,0,0
26-01-2016,24.76,0,0,0,0
27-01-2016,24.53,0,0,0,0
28-01-2016,23.8,0,0,0,0
29-01-2016,23.57,0,0,0,0
01-02-2016,23.93,0,0,0,0
02-02-2016,24.7,0,0,0,0
03-02-2016,25.04,0,0,0,0
04-02-2016,23.75,0,0,0,0
05-02-2016,23.72,0,0,0,0
08-02-2016,24.05,0,0,0,0
09-02-2016,24.87,0,0,0,0
10-02-2016,24.63,0,0,0,0
11-02-2016,25.64,0,0,0,0
12-02-2016,24.61,0,0,0,0
15-02-2016,23.61,0,0,0,0
16-02-2016,23.89,0,0,0,0
17-02-2016,23.64,0,0,0,0
18-02-2016,23.64,0,0,0,0
19-02-2016,24.16,0,0,0,0
22-02-2016,23.87,0,0,0,0
23-02-2016,24.38,0,0,0,0
24-02-2016,24.88,0,0,0,0
25-02-2016,24.62,0,0,0,0
26-02-2016,24.61,0,0,0,0
29-02-2016,23.82,0,0,0,0
01-03-2016,23.3,0,0,0,0
02-03-2016,22.79,0,0,0,0
03-03-2016,22.79,0,0,0,0
04-03-2016,22.78,0,0,0,0
07-03-2016,22.78,0,0,0,0
08-03-2016,22.27,0,0,0,0
09-03-2016,22.52,0,0,0,0
10-03-2016,22.52,0,0,0,0
11-03-2016,22.54,0,0,0,0
14-03-2016,22.52,0,0,0,0
15-03-2016,22.78,0,0,0,0
16-03-2016,22.53,0,0,0,0
17-03-2016,22.27,0,0,0,0
18-03-2016,22.63,0,0,0,0
22-03-2016,22.88,0,0,0,0
23-03-2016,22.86,0,0,0,0
24-03-2016,22.84,0,0,0,0
29-03-2016,23.2,0,0,0,0
30-03-2016,23.15,0,0,0,0
31-03-2016,22.97,0,0,0,0
01-04-2016,23.46,0,0,0,0
04-04-2016,23.16,0,0,0,0
05-04-2016,23.54,0,0,0,0
06-04-2016,23.5,0,0,0,0
07-04-2016,23.2,0,0,0,0
08-04-2016,23.18,0,0,0,0
11-04-2016,23.14,0,0,0,0
12-04-2016,23.13,0,0,0,0
13-04-2016,23.1,0,0,0,0
14-04-2016,23.08,0,0,0,0
15-04-2016,23.07,0,0,0,0
18-04-2016,23.03,0,0,0,0
19-04-2016,23.02,0,0,0,0
20-04-2016,23,0,0,0,0
21-04-2016,21.33,0,0,0,0
22-04-2016,21.66,0,0,0,0
25-04-2016,21.63,0,0,0,0
26-04-2016,21.56,0,0,0,0
28-04-2016,21.48,0,0,0,0
29-04-2016,21.01,0,0,0,0
03-05-2016,22.17,0,0,0,0
04-05-2016,22.15,0,0,0,0
05-05-2016,22.13,0,0,0,0
06-05-2016,22.92,0,0,0,0
09-05-2016,22.88,0,0,0,0
10-05-2016,22.27,0,0,0,0
11-05-2016,21.97,0,0,0,0
12-05-2016,22.54,0,0,0,0
13-05-2016,22.52,0,0,0,0
16-05-2016,21.67,0,0,0,0
17-05-2016,21.87,0,0,0,0
18-05-2016,21.54,0,0,0,0
19-05-2016,21.81,0,0,0,0
20-05-2016,21.55,0,0,0,0
23-05-2016,21.81,0,0,0,0
24-05-2016,21.52,0,0,0,0
25-05-2016,20.97,0,0,0,0
26-05-2016,20.98,0,0,0,0
27-05-2016,20.99,0,0,0,0
30-05-2016,20.71,0,0,0,0
31-05-2016,21.23,0,0,0,0
01-06-2016,21.5,0,0,0,0
02-06-2016,21.26,0,0,0,0
03-06-2016,21.26,0,0,0,0
06-06-2016,21.51,0,0,0,0
07-06-2016,21.51,0,0,0,0
08-06-2016,21.77,0,0,0,0
09-06-2016,21.79,0,0,0,0
10-06-2016,22.04,0,0,0,0
13-06-2016,22.8,0,0,0,0
14-06-2016,23.81,0,0,0,0
15-06-2016,23.56,0,0,0,0
17-06-2016,23.42,0,0,0,0
20-06-2016,22.87,0,0,0,0
21-06-2016,22.83,0,0,0,0
22-06-2016,22.32,0,0,0,0
23-06-2016,22.29,0,0,0,0
24-06-2016,23.63,0,0,0,0
27-06-2016,23.78,0,0,0,0
28-06-2016,23.04,0,0,0,0
29-06-2016,22.31,0,0,0,0
30-06-2016,22.52,0,0,0,0
04-07-2016,22.17,0,0,0,0
05-07-2016,22.74,0,0,0,0
06-07-2016,23.79,0,0,0,0
07-07-2016,23.18,0,0,0,0
08-07-2016,23.11,0,0,0,0
11-07-2016,22.13,0,0,0,0
12-07-2016,21.72,0,0,0,0
13-07-2016,21.45,0,0,0,0
14-07-2016,21.45,0,0,0,0
15-07-2016,21.33,0,0,0,0
18-07-2016,21.57,0,0,0,0
19-07-2016,21.93,0,0,0,0
20-07-2016,22.18,0,0,0,0
21-07-2016,20.1,0,0,0,0
22-07-2016,20.11,0,0,0,0
25-07-2016,20.08,0,0,0,0
26-07-2016,19.74,0,0,0,0
27-07-2016,19.74,0,0,0,0
28-07-2016,20.25,0,0,0,0
29-07-2016,20.78,0,0,0,0
01-08-2016,20.76,0,0,0,0
02-08-2016,20.16,0,0,0,0
04-08-2016,20.2,0,0,0,0
05-08-2016,20.28,0,0,0,0
08-08-2016,20.46,0,0,0,0
10-08-2016,20.77,0,0,0,0
11-08-2016,19.3,0,0,0,0
12-08-2016,19.08,0,0,0,0
15-08-2016,19.62,0,0,0,0
16-08-2016,19.59,0,0,0,0
17-08-2016,19.6,0,0,0,0
18-08-2016,18.12,0,0,0,0
19-08-2016,18.41,0,0,0,0
22-08-2016,18.41,0,0,0,0
23-08-2016,18.39,0,0,0,0
24-08-2016,17.84,0,0,0,0
25-08-2016,17.85,0,0,0,0
26-08-2016,17.84,0,0,0,0
29-08-2016,17.84,0,0,0,0
30-08-2016,17.85,0,0,0,0
31-08-2016,17.85,0,0,0,0
01-09-2016,18.37,0,0,0,0
02-09-2016,17.85,0,0,0,0
05-09-2016,17.86,0,0,0,0
06-09-2016,17.86,0,0,0,0
07-09-2016,19.15,0,0,0,0
08-09-2016,20.18,0,0,0,0
09-09-2016,17.87,0,0,0,0
12-09-2016,18.4,0,0,0,0
13-09-2016,18.4,0,0,0,0
14-09-2016,19.69,0,0,0,0
15-09-2016,19.95,0,0,0,0
16-09-2016,20.22,0,0,0,0
19-09-2016,21.18,0,0,0,0
20-09-2016,22.11,0,0,0,0
21-09-2016,22.57,0,0,0,0
22-09-2016,19.17,0,0,0,0
23-09-2016,18.94,0,0,0,0
26-09-2016,19.58,0,0,0,0
27-09-2016,20.09,0,0,0,0
28-09-2016,19.12,0,0,0,0
29-09-2016,18.45,0,0,0,0
30-09-2016,19.14,0,0,0,0
03-10-2016,19.12,0,0,0,0
04-10-2016,18.93,0,0,0,0
05-10-2016,19.35,0,0,0,0
06-10-2016,19.39,0,0,0,0
07-10-2016,19.14,0,0,0,0
10-10-2016,19.13,0,0,0,0
11-10-2016,19.14,0,0,0,0
12-10-2016,19.15,0,0,0,0
13-10-2016,20.07,0,0,0,0
14-10-2016,19.55,0,0,0,0
17-10-2016,19.8,0,0,0,0
18-10-2016,19.55,0,0,0,0
19-10-2016,19.2,0,0,0,0
20-10-2016,19.23,0,0,0,0
21-10-2016,19.15,0,0,0,0
24-10-2016,19.15,0,0,0,0
25-10-2016,19.16,0,0,0,0
26-10-2016,18.98,0,0,0,0
27-10-2016,19.66,0,0,0,0
28-10-2016,19.92,0,0,0,0
31-10-2016,20.16,0,0,0,0
01-11-2016,19.85,0,0,0,0
02-11-2016,21.19,0,0,0,0
03-11-2016,21.46,0,0,0,0
04-11-2016,21.46,0,0,0,0
07-11-2016,20.89,0,0,0,0
08-11-2016,20.64,0,0,0,0
09-11-2016,20.38,0,0,0,0
10-11-2016,19.92,0,0,0,0
11-11-2016,20.78,0,0,0,0
14-11-2016,21.07,0,0,0,0
15-11-2016,21.34,0,0,0,0
16-11-2016,21.05,0,0,0,0
17-11-2016,20.51,0,0,0,0
18-11-2016,20.5,0,0,0,0
21-11-2016,20.48,0,0,0,0
22-11-2016,19.92,0,0,0,0
23-11-2016,20.43,0,0,0,0
24-11-2016,20.44,0,0,0,0
25-11-2016,20.43,0,0,0,0
28-11-2016,20.94,0,0,0,0
29-11-2016,21.45,0,0,0,0
30-11-2016,21.46,0,0,0,0
01-12-2016,21.72,0,0,0,0
02-12-2016,22.24,0,0,0,0
05-12-2016,21.96,0,0,0,0
06-12-2016,22.48,0,0,0,0
07-12-2016,22.22,0,0,0,0
08-12-2016,21.45,0,0,0,0
09-12-2016,21.2,0,0,0,0
12-12-2016,21.44,0,0,0,0
13-12-2016,21.19,0,0,0,0
14-12-2016,20.93,0,0,0,0
15-12-2016,21.71,0,0,0,0
19-12-2016,21.69,0,0,0,0
20-12-2016,21.69,0,0,0,0
21-12-2016,20.16,0,0,0,0
22-12-2016,20.16,0,0,0,0
23-12-2016,20.68,0,0,0,0
28-12-2016,20.61,0,0,0,0
29-12-2016,20.38,0,0,0,0
30-12-2016,20.65,0,0,0,0
03-01-2017,20.46,0,0,0,0
04-01-2017,20.74,0,0,0,0
05-01-2017,19.98,0,0,0,0
06-01-2017,18.57,0,0,0,0
09-01-2017,18.9,0,0,0,0
10-01-2017,18.91,0,0,0,0
11-01-2017,17.51,0,0,0,0
12-01-2017,17.52,0,0,0,0
13-01-2017,17.28,0,0,0,0
16-01-2017,17.69,0,0,0,0
17-01-2017,17.97,0,0,0,0
18-01-2017,18.16,0,0,0,0
19-01-2017,18.17,0,0,0,0
20-01-2017,18.5,0,0,0,0
23-01-2017,18.1,0,0,0,0
24-01-2017,17.87,0,0,0,0
25-01-2017,18.46,0,0,0,0
26-01-2017,17.95,0,0,0,0
27-01-2017,18.22,0,0,0,0
30-01-2017,18.51,0,0,0,0
31-01-2017,18.4,0,0,0,0
01-02-2017,18.15,0,0,0,0
02-02-2017,18.69,0,0,0,0
03-02-2017,18.85,0,0,0,0
06-02-2017,18.87,0,0,0,0
07-02-2017,18.87,0,0,0,0
08-02-2017,18.84,0,0,0,0
09-02-2017,18.62,0,0,0,0
10-02-2017,18.49,0,0,0,0
13-02-2017,18.53,0,0,0,0
14-02-2017,17.89,0,0,0,0
15-02-2017,17.9,0,0,0,0
16-02-2017,17.9,0,0,0,0
17-02-2017,18.16,0,0,0,0
20-02-2017,17.89,0,0,0,0
21-02-2017,17.89,0,0,0,0
22-02-2017,18.17,0,0,0,0
23-02-2017,18.4,0,0,0,0
24-02-2017,18.68,0,0,0,0
27-02-2017,18.7,0,0,0,0
28-02-2017,17.96,0,0,0,0
02-03-2017,17.68,0,0,0,0
03-03-2017,17.94,0,0,0,0
06-03-2017,18.19,0,0,0,0
07-03-2017,18.19,0,0,0,0
08-03-2017,18.19,0,0,0,0
09-03-2017,17.94,0,0,0,0
10-03-2017,17.68,0,0,0,0
13-03-2017,17.93,0,0,0,0
14-03-2017,16.89,0,0,0,0
15-03-2017,16.89,0,0,0,0
16-03-2017,16.37,0,0,0,0
17-03-2017,17.16,0,0,0,0
20-03-2017,17.47,0,0,0,0
22-03-2017,17.81,0,0,0,0
23-03-2017,17.83,0,0,0,0
24-03-2017,16.93,0,0,0,0
27-03-2017,16.94,0,0,0,0
28-03-2017,16.71,0,0,0,0
29-03-2017,16.67,0,0,0,0
30-03-2017,16.69,0,0,0,0
31-03-2017,16.72,0,0,0,0
03-04-2017,16.52,0,0,0,0
04-04-2017,16.55,0,0,0,0
05-04-2017,16.31,0,0,0,0
06-04-2017,16.18,0,0,0,0
07-04-2017,16.09,0,0,0,0
10-04-2017,15.76,0,0,0,0
11-04-2017,15.52,0,0,0,0
12-04-2017,15.3,0,0,0,0
13-04-2017,15.11,0,0,0,0
18-04-2017,15.82,0,0,0,0
19-04-2017,15.82,0,0,0,0
20-04-2017,15.46,0,0,0,0
21-04-2017,15.82,0,0,0,0
24-04-2017,15.32,0,0,0,0
25-04-2017,14.65,0,0,0,0
26-04-2017,14.41,0,0,0,0
28-04-2017,14.46,0,0,0,0
02-05-2017,14.55,0,0,0,0
03-05-2017,14.63,0,0,0,0
04-05-2017,14.71,0,0,0,0
05-05-2017,14.46,0,0,0,0
08-05-2017,14.51,0,0,0,0
09-05-2017,14.26,0,0,0,0
10-05-2017,14.28,0,0,0,0
11-05-2017,13.88,0,0,0,0
12-05-2017,13.88,0,0,0,0
15-05-2017,13.88,0,0,0,0
16-05-2017,13.88,0,0,0,0
17-05-2017,13.79,0,0,0,0
18-05-2017,13.57,0,0,0,0
19-05-2017,13.56,0,0,0,0
22-05-2017,13.6,0,0,0,0
23-05-2017,13.61,0,0,0,0
24-05-2017,13.88,0,0,0,0
25-05-2017,14.15,0,0,0,0
26-05-2017,14.17,0,0,0,0
29-05-2017,14.2,0,0,0,0
30-05-2017,14.2,0,0,0,0
31-05-2017,14.47,0,0,0,0
01-06-2017,15,0,0,0,0
02-06-2017,15,0,0,0,0
05-06-2017,15.03,0,0,0,0
06-06-2017,15.03,0,0,0,0
07-06-2017,15.03,0,0,0,0
08-06-2017,14.29,0,0,0,0
09-06-2017,14.29,0,0,0,0
12-06-2017,14.81,0,0,0,0
13-06-2017,14.81,0,0,0,0
14-06-2017,14.81,0,0,0,0
15-06-2017,15.07,0,0,0,0
19-06-2017,14.52,0,0,0,0
20-06-2017,14.84,0,0,0,0
21-06-2017,14.84,0,0,0,0
22-06-2017,15.27,0,0,0,0
23-06-2017,14.56,0,0,0,0
26-06-2017,14.81,0,0,0,0
27-06-2017,14.89,0,0,0,0
28-06-2017,15.01,0,0,0,0
29-06-2017,15.01,0,0,0,0
30-06-2017,15.43,0,0,0,0
03-07-2017,15.41,0,0,0,0
04-07-2017,15.48,0,0,0,0
05-07-2017,15.3,0,0,0,0
06-07-2017,15.46,0,0,0,0
07-07-2017,15.8,0,0,0,0
10-07-2017,16.02,0,0,0,0
11-07-2017,16.09,0,0,0,0
12-07-2017,15.9,0,0,0,0
13-07-2017,15.71,0,0,0,0
14-07-2017,15.78,0,0,0,0
17-07-2017,16.11,0,0,0,0
18-07-2017,16.58,0,0,0,0
19-07-2017,16.28,0,0,0,0
20-07-2017,16.51,0,0,0,0
21-07-2017,16.51,0,0,0,0
24-07-2017,16.79,0,0,0,0
25-07-2017,16.86,0,0,0,0
26-07-2017,16.67,0,0,0,0
27-07-2017,16.74,0,0,0,0
28-07-2017,14.66,0,0,0,0
31-07-2017,14.74,0,0,0,0
01-08-2017,14.02,0,0,0,0
02-08-2017,14.18,0,0,0,0
03-08-2017,14.49,0,0,0,0
04-08-2017,14.51,0,0,0,0
07-08-2017,14.69,0,0,0,0
08-08-2017,12.41,0,0,0,0
10-08-2017,13.64,0,0,0,0
11-08-2017,15.13,0,0,0,0
14-08-2017,15.64,0,0,0,0
15-08-2017,16.26,0,0,0,0
16-08-2017,14.01,0,0,0,0
17-08-2017,14.28,0,0,0,0
18-08-2017,14.82,0,0,0,0
21-08-2017,14.6,0,0,0,0
22-08-2017,14.25,0,0,0,0
23-08-2017,14.25,0,0,0,0
24-08-2017,14.02,0,0,0,0
25-08-2017,14.26,0,0,0,0
28-08-2017,14.26,0,0,0,0
29-08-2017,14.23,0,0,0,0
30-08-2017,14.25,0,0,0,0
31-08-2017,14,0,0,0,0
01-09-2017,13.99,0,0,0,0
04-09-2017,14.26,0,0,0,0
05-09-2017,14,0,0,0,0
06-09-2017,14.03,0,0,0,0
07-09-2017,13.76,0,0,0,0
08-09-2017,14.28,0,0,0,0
11-09-2017,13.5,0,0,0,0
12-09-2017,13.5,0,0,0,0
13-09-2017,13.51,0,0,0,0
14-09-2017,13.77,0,0,0,0
15-09-2017,13.77,0,0,0,0
18-09-2017,13.77,0,0,0,0
19-09-2017,13.77,0,0,0,0
20-09-2017,15.33,0,0,0,0
21-09-2017,14.03,0,0,0,0
22-09-2017,13.96,0,0,0,0
26-09-2017,15.07,0,0,0,0
27-09-2017,14.33,0,0,0,0
28-09-2017,14.61,0,0,0,0
29-09-2017,14.36,0,0,0,0
02-10-2017,14.42,0,0,0,0
03-10-2017,13.98,0,0,0,0
04-10-2017,14,0,0,0,0
05-10-2017,14.02,0,0,0,0
06-10-2017,14.05,0,0,0,0
09-10-2017,14.11,0,0,0,0
10-10-2017,13.6,0,0,0,0
11-10-2017,13.89,0,0,0,0
12-10-2017,14.17,0,0,0,0
13-10-2017,13.93,0,0,0,0
16-10-2017,14.17,0,0,0,0
17-10-2017,13.48,0,0,0,0
18-10-2017,13.23,0,0,0,0
19-10-2017,13.23,0,0,0,0
20-10-2017,13.23,0,0,0,0
23-10-2017,13.27,0,0,0,0
24-10-2017,14.03,0,0,0,0
25-10-2017,13.78,0,0,0,0
26-10-2017,13.8,0,0,0,0
27-10-2017,13.82,0,0,0,0
30-10-2017,13.88,0,0,0,0
31-10-2017,13.89,0,0,0,0
01-11-2017,13.91,0,0,0,0
02-11-2017,14.19,0,0,0,0
03-11-2017,13.94,0,0,0,0
06-11-2017,13.99,0,0,0,0
07-11-2017,13.22,0,0,0,0
08-11-2017,13.49,0,0,0,0
09-11-2017,13.51,0,0,0,0
10-11-2017,13.52,0,0,0,0
13-11-2017,13.3,0,0,0,0
14-11-2017,13.87,0,0,0,0
15-11-2017,13.88,0,0,0,0
16-11-2017,13.63,0,0,0,0
17-11-2017,13.63,0,0,0,0
20-11-2017,13.66,0,0,0,0
21-11-2017,13.41,0,0,0,0
22-11-2017,14.18,0,0,0,0
23-11-2017,13.94,0,0,0,0
24-11-2017,13.93,0,0,0,0
27-11-2017,13.96,0,0,0,0
28-11-2017,14.22,0,0,0,0
29-11-2017,13.97,0,0,0,0
30-11-2017,14.24,0,0,0,0
01-12-2017,13.98,0,0,0,0
04-12-2017,14,0,0,0,0
05-12-2017,15.05,0,0,0,0
06-12-2017,15.05,0,0,0,0
07-12-2017,15.06,0,0,0,0
08-12-2017,14.8,0,0,0,0
11-12-2017,14.8,0,0,0,0
12-12-2017,14.81,0,0,0,0
13-12-2017,14.81,0,0,0,0
14-12-2017,14.81,0,0,0,0
15-12-2017,15.07,0,0,0,0
18-12-2017,14.81,0,0,0,0
19-12-2017,14.81,0,0,0,0
20-12-2017,14.81,0,0,0,0
21-12-2017,14.29,0,0,0,0
22-12-2017,15.1,0,0,0,0
27-12-2017,15.16,0,0,0,0
28-12-2017,15.17,0,0,0,0
29-12-2017,14.92,0,0,0,0
02-01-2018,15.22,0,0,0,0
03-01-2018,15.23,0,0,0,0
04-01-2018,15.5,0,0,0,0
05-01-2018,15.25,0,0,0,0
08-01-2018,15.16,0,0,0,0
09-01-2018,14.37,0,0,0,0
10-01-2018,14.41,0,0,0,0
11-01-2018,14.44,0,0,0,0
12-01-2018,14.48,0,0,0,0
15-01-2018,14.58,0,0,0,0
16-01-2018,14.35,0,0,0,0
17-01-2018,14.48,0,0,0,0
18-01-2018,14.51,0,0,0,0
19-01-2018,14.54,0,0,0,0
22-01-2018,14.62,0,0,0,0
23-01-2018,14.65,0,0,0,0
24-01-2018,14.67,0,0,0,0
25-01-2018,14.7,0,0,0,0
26-01-2018,14.72,0,0,0,0
29-01-2018,14.79,0,0,0,0
30-01-2018,15.64,0,0,0,0
31-01-2018,15.13,0,0,0,0
01-02-2018,15.14,0,0,0,0
02-02-2018,15.41,0,0,0,0
05-02-2018,16.22,0,0,0,0
06-02-2018,16.93,0,0,0,0
07-02-2018,17.19,0,0,0,0
08-02-2018,17.19,0,0,0,0
09-02-2018,17.45,0,0,0,0
12-02-2018,16.92,0,0,0,0
13-02-2018,17.73,0,0,0,0
14-02-2018,17.99,0,0,0,0
15-02-2018,17.21,0,0,0,0
16-02-2018,16.39,0,0,0,0
19-02-2018,16.63,0,0,0,0
20-02-2018,17.15,0,0,0,0
21-02-2018,16.63,0,0,0,0
22-02-2018,17.15,0,0,0,0
23-02-2018,16.63,0,0,0,0
26-02-2018,16.89,0,0,0,0
27-02-2018,16.89,0,0,0,0
28-02-2018,16.37,0,0,0,0
01-03-2018,16.63,0,0,0,0
02-03-2018,16.37,0,0,0,0
05-03-2018,16.37,0,0,0,0
06-03-2018,15.59,0,0,0,0
07-03-2018,16.11,0,0,0,0
08-03-2018,16.11,0,0,0,0
09-03-2018,16.11,0,0,0,0
12-03-2018,16.11,0,0,0,0
13-03-2018,16.11,0,0,0,0
14-03-2018,16.37,0,0,0,0
15-03-2018,16.11,0,0,0,0
16-03-2018,16.29,0,0,0,0
19-03-2018,16.31,0,0,0,0
20-03-2018,17.12,0,0,0,0
22-03-2018,17.65,0,0,0,0
23-03-2018,17.92,0,0,0,0
26-03-2018,17.92,0,0,0,0
27-03-2018,18.42,0,0,0,0
28-03-2018,18.97,0,0,0,0
29-03-2018,18.18,0,0,0,0
03-04-2018,18.64,0,0,0,0
04-04-2018,18.64,0,0,0,0
05-04-2018,18.37,0,0,0,0
06-04-2018,18.89,0,0,0,0
09-04-2018,18.87,0,0,0,0
10-04-2018,17.82,0,0,0,0
11-04-2018,18.34,0,0,0,0
12-04-2018,18.08,0,0,0,0
13-04-2018,18.07,0,0,0,0
16-04-2018,17.8,0,0,0,0
17-04-2018,17.53,0,0,0,0
18-04-2018,17.27,0,0,0,0
19-04-2018,17.8,0,0,0,0
20-04-2018,17.54,0,0,0,0
23-04-2018,17.55,0,0,0,0
24-04-2018,17.56,0,0,0,0
25-04-2018,17.82,0,0,0,0
26-04-2018,17.3,0,0,0,0
30-04-2018,17.32,0,0,0,0
02-05-2018,17.59,0,0,0,0
03-05-2018,18.11,0,0,0,0
04-05-2018,17.59,0,0,0,0
07-05-2018,17.6,0,0,0,0
08-05-2018,17.67,0,0,0,0
09-05-2018,17.61,0,0,0,0
10-05-2018,17.61,0,0,0,0
11-05-2018,17.61,0,0,0,0
14-05-2018,17.62,0,0,0,0
15-05-2018,16.84,0,0,0,0
16-05-2018,16.32,0,0,0,0
17-05-2018,16.59,0,0,0,0
18-05-2018,16.85,0,0,0,0
21-05-2018,16.6,0,0,0,0
22-05-2018,16.89,0,0,0,0
23-05-2018,17.15,0,0,0,0
24-05-2018,16.89,0,0,0,0
25-05-2018,16.89,0,0,0,0
28-05-2018,16.89,0,0,0,0
29-05-2018,17.67,0,0,0,0
30-05-2018,17.67,0,0,0,0
31-05-2018,17.15,0,0,0,0
01-06-2018,16.88,0,0,0,0
04-06-2018,16.89,0,0,0,0
05-06-2018,16.63,0,0,0,0
06-06-2018,16.63,0,0,0,0
07-06-2018,16.63,0,0,0,0
08-06-2018,16.63,0,0,0,0
11-06-2018,16.63,0,0,0,0
12-06-2018,16.63,0,0,0,0
13-06-2018,16.37,0,0,0,0
14-06-2018,16.37,0,0,0,0
15-06-2018,16.89,0,0,0,0
18-06-2018,16.63,0,0,0,0
19-06-2018,16.89,0,0,0,0
20-06-2018,16.63,0,0,0,0
21-06-2018,16.63,0,0,0,0
22-06-2018,16.87,0,0,0,0
25-06-2018,17.68,0,0,0,0
26-06-2018,17.42,0,0,0,0
27-06-2018,17.95,0,0,0,0
28-06-2018,17.69,0,0,0,0
29-06-2018,17.17,0,0,0,0
02-07-2018,18.18,0,0,0,0
03-07-2018,17.49,0,0,0,0
04-07-2018,17.37,0,0,0,0
05-07-2018,17.55,0,0,0,0
06-07-2018,17.37,0,0,0,0
09-07-2018,17.11,0,0,0,0
10-07-2018,17.37,0,0,0,0
11-07-2018,17.79,0,0,0,0
12-07-2018,17.22,0,0,0,0
13-07-2018,17.23,0,0,0,0
16-07-2018,17.5,0,0,0,0
17-07-2018,17.5,0,0,0,0
18-07-2018,17.51,0,0,0,0
19-07-2018,17.51,0,0,0,0
20-07-2018,17.26,0,0,0,0
23-07-2018,17.79,0,0,0,0
24-07-2018,16.76,0,0,0,0
25-07-2018,17.38,0,0,0,0
26-07-2018,17.03,0,0,0,0
27-07-2018,17.03,0,0,0,0
30-07-2018,17.04,0,0,0,0
31-07-2018,16.79,0,0,0,0
01-08-2018,16.8,0,0,0,0
02-08-2018,17.31,0,0,0,0
03-08-2018,16.55,0,0,0,0
06-08-2018,16.81,0,0,0,0
07-08-2018,16.5,0,0,0,0
08-08-2018,16.76,0,0,0,0
10-08-2018,16.78,0,0,0,0
13-08-2018,16.79,0,0,0,0
14-08-2018,17.09,0,0,0,0
15-08-2018,17.83,0,0,0,0
16-08-2018,16.81,0,0,0,0
17-08-2018,17.07,0,0,0,0
20-08-2018,16.82,0,0,0,0
21-08-2018,16.78,0,0,0,0
22-08-2018,16.53,0,0,0,0
23-08-2018,16.79,0,0,0,0
24-08-2018,16.54,0,0,0,0
27-08-2018,16.05,0,0,0,0
28-08-2018,16.31,0,0,0,0
29-08-2018,19.58,0,0,0,0
30-08-2018,16.83,0,0,0,0
31-08-2018,16.85,0,0,0,0
03-09-2018,16.85,0,0,0,0
04-09-2018,18.91,0,0,0,0
05-09-2018,18.9,0,0,0,0
06-09-2018,18.65,0,0,0,0
07-09-2018,18.66,0,0,0,0
10-09-2018,18.92,0,0,0,0
11-09-2018,18.94,0,0,0,0
12-09-2018,18.93,0,0,0,0
13-09-2018,18.93,0,0,0,0
14-09-2018,18.68,0,0,0,0
17-09-2018,18.68,0,0,0,0
18-09-2018,18.68,0,0,0,0
19-09-2018,18.68,0,0,0,0
20-09-2018,18.68,0,0,0,0
21-09-2018,18.68,0,0,0,0
25-09-2018,18.94,0,0,0,0
26-09-2018,19.2,0,0,0,0
27-09-2018,18.04,0,0,0,0
28-09-2018,18.06,0,0,0,0
01-10-2018,18.12,0,0,0,0
02-10-2018,18.14,0,0,0,0
03-10-2018,18.09,0,0,0,0
04-10-2018,17.93,0,0,0,0
05-10-2018,18.2,0,0,0,0
08-10-2018,18.26,0,0,0,0
09-10-2018,19.31,0,0,0,0
10-10-2018,19.55,0,0,0,0
11-10-2018,19.79,0,0,0,0
12-10-2018,19.26,0,0,0,0
15-10-2018,22.53,0,0,0,0
16-10-2018,22.13,0,0,0,0
17-10-2018,22.51,0,0,0,0
18-10-2018,22.5,0,0,0,0
19-10-2018,22.5,0,0,0,0
22-10-2018,22.47,0,0,0,0
23-10-2018,22.72,0,0,0,0
24-10-2018,22.56,0,0,0,0
25-10-2018,22.36,0,0,0,0
26-10-2018,23.02,0,0,0,0
29-10-2018,22.77,0,0,0,0
30-10-2018,23.02,0,0,0,0
31-10-2018,21.82,0,0,0,0
01-11-2018,21.9,0,0,0,0
02-11-2018,21.49,0,0,0,0
05-11-2018,21.24,0,0,0,0
06-11-2018,21.75,0,0,0,0
07-11-2018,21.24,0,0,0,0
08-11-2018,21.49,0,0,0,0
09-11-2018,22.72,0,0,0,0
12-11-2018,22.98,0,0,0,0
13-11-2018,22.77,0,0,0,0
14-11-2018,22.77,0,0,0,0
15-11-2018,22.77,0,0,0,0
16-11-2018,22.77,0,0,0,0
19-11-2018,22.51,0,0,0,0
20-11-2018,21.52,0,0,0,0
21-11-2018,21.24,0,0,0,0
22-11-2018,21.24,0,0,0,0
23-11-2018,21.75,0,0,0,0
26-11-2018,21.48,0,0,0,0
27-11-2018,21.73,0,0,0,0
28-11-2018,21.48,0,0,0,0
29-11-2018,21.24,0,0,0,0
30-11-2018,21.75,0,0,0,0
03-12-2018,21.23,0,0,0,0
04-12-2018,21.49,0,0,0,0
05-12-2018,21.75,0,0,0,0
06-12-2018,22,0,0,0,0
07-12-2018,21.74,0,0,0,0
10-12-2018,22,0,0,0,0
11-12-2018,21.74,0,0,0,0
12-12-2018,21.75,0,0,0,0
13-12-2018,24.29,0,0,0,0
14-12-2018,24.29,0,0,0,0
18-12-2018,24.29,0,0,0,0
19-12-2018,24.29,0,0,0,0
20-12-2018,22.51,0,0,0,0
21-12-2018,21.5,0,0,0,0
24-12-2018,21.5,0,0,0,0
27-12-2018,22.02,0,0,0,0
28-12-2018,21.77,0,0,0,0
31-12-2018,21.79,0,0,0,0
02-01-2019,23.05,0,0,0,0
03-01-2019,21.82,0,0,0,0
04-01-2019,21.33,0,0,0,0
07-01-2019,21.38,0,0,0,0
08-01-2019,21.39,0,0,0,0
09-01-2019,21.41,0,0,0,0
10-01-2019,21.42,0,0,0,0
11-01-2019,21.44,0,0,0,0
14-01-2019,20.85,0,0,0,0
15-01-2019,20.86,0,0,0,0
16-01-2019,20.87,0,0,0,0
17-01-2019,20.88,0,0,0,0
18-01-2019,18.95,0,0,0,0
21-01-2019,18.97,0,0,0,0
22-01-2019,18.98,0,0,0,0
23-01-2019,18.99,0,0,0,0
24-01-2019,19,0,0,0,0
25-01-2019,18.75,0,0,0,0
28-01-2019,18.77,0,0,0,0
29-01-2019,21.01,0,0,0,0
30-01-2019,21.01,0,0,0,0
31-01-2019,21.02,0,0,0,0
01-02-2019,21.03,0,0,0,0
04-02-2019,18.3,0,0,0,0
05-02-2019,16.51,0,0,0,0
06-02-2019,16.51,0,0,0,0
07-02-2019,16.52,0,0,0,0
08-02-2019,16.78,0,0,0,0
11-02-2019,16.54,0,0,0,0
12-02-2019,16.54,0,0,0,0
13-02-2019,16.29,0,0,0,0
14-02-2019,16.3,0,0,0,0
15-02-2019,16.3,0,0,0,0
18-02-2019,16.31,0,0,0,0
19-02-2019,16.29,0,0,0,0
20-02-2019,16.3,0,0,0,0
21-02-2019,16.3,0,0,0,0
22-02-2019,16.31,0,0,0,0
25-02-2019,16.32,0,0,0,0
26-02-2019,16.33,0,0,0,0
27-02-2019,16.33,0,0,0,0
28-02-2019,16.34,0,0,0,0
01-03-2019,16.34,0,0,0,0
04-03-2019,16.35,0,0,0,0
05-03-2019,17.08,0,0,0,0
06-03-2019,17.09,0,0,0,0
07-03-2019,17.1,0,0,0,0
08-03-2019,17.1,0,0,0,0
11-03-2019,17.12,0,0,0,0
12-03-2019,17.13,0,0,0,0
13-03-2019,17.13,0,0,0,0
14-03-2019,17.13,0,0,0,0
15-03-2019,17.14,0,0,0,0
18-03-2019,17.14,0,0,0,0
19-03-2019,17.15,0,0,0,0
20-03-2019,17.15,0,0,0,0
22-03-2019,17.15,0,0,0,0
25-03-2019,17.45,0,0,0,0
26-03-2019,17.47,0,0,0,0
27-03-2019,17.24,0,0,0,0
28-03-2019,17.26,0,0,0,0
29-03-2019,17.28,0,0,0,0
01-04-2019,17.03,0,0,0,0
02-04-2019,17.04,0,0,0,0
03-04-2019,16.54,0,0,0,0
04-04-2019,16.56,0,0,0,0
05-04-2019,16.57,0,0,0,0
08-04-2019,16.62,0,0,0,0
09-04-2019,17.15,0,0,0,0
10-04-2019,17.16,0,0,0,0
11-04-2019,17.44,0,0,0,0
12-04-2019,17.19,0,0,0,0
15-04-2019,17.23,0,0,0,0
16-04-2019,17.12,0,0,0,0
17-04-2019,17.26,0,0,0,0
18-04-2019,17.27,0,0,0,0
23-04-2019,15.37,0,0,0,0
24-04-2019,15.38,0,0,0,0
25-04-2019,15.39,0,0,0,0
26-04-2019,15.4,0,0,0,0
29-04-2019,15.42,0,0,0,0
30-04-2019,15.43,0,0,0,0
02-05-2019,15.44,0,0,0,0
03-05-2019,15.45,0,0,0,0
06-05-2019,15.47,0,0,0,0
07-05-2019,15.47,0,0,0,0
09-05-2019,15.49,0,0,0,0
10-05-2019,15.49,0,0,0,0
13-05-2019,15.51,0,0,0,0
14-05-2019,15.51,0,0,0,0
15-05-2019,15.52,0,0,0,0
16-05-2019,15.52,0,0,0,0
17-05-2019,15.53,0,0,0,0
20-05-2019,15.54,0,0,0,0
21-05-2019,15.55,0,0,0,0
22-05-2019,15.55,0,0,0,0
23-05-2019,15.55,0,0,0,0
24-05-2019,15.56,0,0,0,0
27-05-2019,15.57,0,0,0,0
28-05-2019,15.57,0,0,0,0
29-05-2019,15.57,0,0,0,0
30-05-2019,15.58,0,0,0,0
31-05-2019,15.58,0,0,0,0
03-06-2019,15.59,0,0,0,0
04-06-2019,15.59,0,0,0,0
05-06-2019,15.59,0,0,0,0
06-06-2019,15.59,0,0,0,0
07-06-2019,15.6,0,0,0,0
10-06-2019,15.6,0,0,0,0
11-06-2019,15.6,0,0,0,0
12-06-2019,15.6,0,0,0,0
13-06-2019,15.6,0,0,0,0
14-06-2019,15.61,0,0,0,0
18-06-2019,15.61,0,0,0,0
19-06-2019,15.61,0,0,0,0
20-06-2019,15.61,0,0,0,0
21-06-2019,15.61,0,0,0,0
24-06-2019,15.61,0,0,0,0
25-06-2019,15.61,0,0,0,0
26-06-2019,15.61,0,0,0,0
27-06-2019,15.6,0,0,0,0
28-06-2019,15.6,0,0,0,0
01-07-2019,15.6,0,0,0,0
02-07-2019,15.6,0,0,0,0
03-07-2019,15.6,0,0,0,0
04-07-2019,15.59,0,0,0,0
05-07-2019,15.59,0,0,0,0
08-07-2019,15.59,0,0,0,0
09-07-2019,18.5,0,0,0,0
10-07-2019,18.5,0,0,0,0
11-07-2019,18.51,0,0,0,0
12-07-2019,18.51,0,0,0,0
15-07-2019,18.54,0,0,0,0
16-07-2019,18.68,0,0,0,0
17-07-2019,18.54,0,0,0,0
18-07-2019,18.78,0,0,0,0
19-07-2019,18.64,0,0,0,0
22-07-2019,16.85,0,0,0,0
23-07-2019,17.23,0,0,0,0
24-07-2019,16.7,0,0,0,0
25-07-2019,16.73,0,0,0,0
26-07-2019,16.75,0,0,0,0
29-07-2019,16.82,0,0,0,0
30-07-2019,16.02,0,0,0,0
31-07-2019,16.36,0,0,0,0
01-08-2019,16.1,0,0,0,0
02-08-2019,16.95,0,0,0,0
05-08-2019,17.84,0,0,0,0
06-08-2019,17.71,0,0,0,0
07-08-2019,17.7,0,0,0,0
08-08-2019,18.27,0,0,0,0
12-08-2019,18.25,0,0,0,0
13-08-2019,18.21,0,0,0,0
14-08-2019,19.06,0,0,0,0
15-08-2019,19.09,0,0,0,0
16-08-2019,19.08,0,0,0,0
19-08-2019,18.83,0,0,0,0
20-08-2019,18.85,0,0,0,0
21-08-2019,18.61,0,0,0,0
22-08-2019,18.88,0,0,0,0
23-08-2019,19.12,0,0,0,0
26-08-2019,19.47,0,0,0,0
27-08-2019,19.47,0,0,0,0
28-08-2019,18.44,0,0,0,0
29-08-2019,18.2,0,0,0,0
30-08-2019,17.68,0,0,0,0
02-09-2019,17.94,0,0,0,0
03-09-2019,17.95,0,0,0,0
04-09-2019,17.69,0,0,0,0
05-09-2019,16.66,0,0,0,0
06-09-2019,16.66,0,0,0,0
09-09-2019,16.9,0,0,0,0
